date,Q,P,P_har,Vc,Vj,RV,VRP,VRP_har,jump_share,oos
2023-01-24,10.305120,6.129477,5.856541,4.716174,1.279989,5.071620,4.175643,4.448580,0.213468,False
2023-01-25,10.358959,6.253926,5.886813,5.241553,1.280729,10.598638,4.105033,4.472146,0.196362,False
2023-01-26,8.901370,6.171059,6.191466,5.049418,0.992238,4.906222,2.730311,2.709903,0.164233,False
2023-01-27,8.287671,6.144943,5.931600,4.717546,1.396810,4.843877,2.142729,2.356071,0.228448,False
2023-01-28,8.134685,5.951654,5.955427,4.106862,1.020719,0.934618,2.183031,2.179258,0.199064,False
2023-01-29,9.511141,5.934727,5.753305,4.112768,0.879324,5.275075,3.576414,3.757836,0.176143,False
2023-01-30,8.714959,6.023793,5.948485,4.064263,1.655106,6.803166,2.691166,2.766474,0.289386,False
2023-01-31,9.478883,5.925756,6.006815,3.702290,1.559734,3.401281,3.553128,3.472068,0.296413,False
2023-02-01,9.229155,5.871230,5.891654,3.708303,1.128054,4.960148,3.357925,3.337501,0.233245,False
2023-02-02,9.124504,5.921365,5.981712,3.729559,1.476057,6.291814,3.203139,3.142793,0.283551,False
2023-02-03,8.063185,5.882748,6.124721,3.420349,1.742790,4.065660,2.180437,1.938464,0.337545,False
2023-02-04,8.036454,5.721639,5.955167,2.977587,1.308319,1.015935,2.314815,2.081286,0.305261,False
2023-02-05,8.357131,5.630234,5.715017,2.777304,0.968837,2.499395,2.726897,2.642115,0.258623,False
2023-02-06,8.155599,5.600985,5.563093,2.554045,1.150882,2.857361,2.554614,2.592506,0.310636,False
2023-02-07,7.786181,5.587623,5.527856,2.566535,1.024980,3.994629,2.198558,2.258325,0.285389,False
2023-02-08,7.692987,5.524832,5.490656,2.388281,0.866041,2.277162,2.168154,2.202331,0.266120,False
2023-02-09,7.393979,5.643891,5.355920,2.605812,1.387391,6.520200,1.750088,2.038060,0.347438,False
2023-02-10,6.495113,5.615143,5.531235,2.501039,1.356919,3.700286,0.879970,0.963878,0.351719,False
2023-02-11,6.085581,5.488929,5.462167,2.177281,0.974355,0.851806,0.596652,0.623414,0.309158,False
2023-02-12,6.181507,5.418677,5.273809,1.948233,0.850611,1.505720,0.762830,0.907698,0.303915,False
2023-02-13,7.028555,5.413373,5.166930,2.007700,0.701087,3.269037,1.615182,1.861624,0.258820,False
2023-02-14,6.623805,5.565816,5.216644,2.124461,1.664054,6.158575,1.057989,1.407162,0.439237,False
2023-02-15,7.600353,5.660638,5.308419,2.574666,1.573481,7.759531,1.939715,2.291934,0.379321,False
2023-02-16,9.472438,5.941245,5.439262,3.059243,2.853591,11.550147,3.531194,4.033177,0.482610,False
2023-02-17,10.117789,6.068414,5.715981,3.899774,2.299782,12.320226,4.049375,4.401808,0.370959,False
2023-02-18,9.334402,5.881038,5.948455,3.457621,1.661535,2.266233,3.453364,3.385947,0.324572,False
2023-02-19,9.843298,5.832908,5.572429,3.513498,1.188131,5.148080,4.010390,4.270869,0.252706,False
2023-02-20,10.111130,5.866879,5.693590,3.863085,0.811821,7.025885,4.244251,4.417540,0.173655,False
2023-02-21,10.134445,5.902293,5.762859,4.100555,0.651385,6.478242,4.232152,4.371586,0.137078,False
2023-02-22,8.848353,6.006215,5.675072,4.489214,0.743424,8.245390,2.842139,3.173281,0.142074,False
2023-02-23,8.266589,6.031466,5.723887,4.724832,0.507963,6.817336,2.235122,2.542702,0.097073,False
2023-02-24,6.984219,6.088558,5.751365,4.853373,0.713718,6.921872,0.895661,1.232855,0.128203,False
2023-02-25,6.928998,5.970015,5.783636,4.369899,0.682016,2.060467,0.958983,1.145362,0.135001,False
2023-02-26,7.221358,5.887721,5.536518,4.000058,0.722479,2.578355,1.333637,1.684840,0.152985,False
2023-02-27,6.970393,5.878026,5.516646,3.887752,0.852774,4.465555,1.092367,1.453747,0.179890,False
2023-02-28,6.951060,5.829591,5.548231,3.643053,0.925947,3.382475,1.121469,1.402829,0.202659,False
2023-03-01,8.200504,5.845917,5.471182,3.646930,1.044833,5.269051,2.354587,2.729323,0.222695,False
2023-03-02,7.906407,5.764021,5.524549,3.405489,0.853879,2.822875,2.142385,2.381858,0.200471,False
2023-03-03,7.465315,5.966847,5.456489,3.604683,2.055029,8.967400,1.498468,2.008826,0.363098,False
2023-03-04,7.286205,5.790862,5.769549,3.138059,1.549359,0.881224,1.495343,1.516657,0.330536,False
2023-03-05,7.081385,5.683114,5.424229,2.846254,1.250919,2.391934,1.398271,1.657156,0.305313,False
2023-03-06,7.345667,5.602091,5.475866,2.477808,1.298641,1.718591,1.743576,1.869801,0.343879,False
2023-03-07,7.255155,5.617444,5.408444,2.313007,1.718064,4.033807,1.637711,1.846711,0.426205,False
2023-03-08,6.882231,5.565118,5.509363,2.186636,1.545122,3.378362,1.317113,1.372868,0.414047,False
2023-03-09,8.104855,5.677199,5.389693,2.445285,1.937541,7.301566,2.427656,2.715162,0.442076,False
2023-03-10,8.048329,5.938239,5.602567,3.385574,2.234442,13.161271,2.110090,2.445761,0.397586,False
2023-03-11,9.803924,6.037779,5.956028,3.542864,2.715210,8.905310,3.766146,3.847896,0.433873,False
2023-03-12,9.495005,6.327436,5.876195,3.976717,4.157784,14.131596,3.167569,3.618810,0.511130,False
2023-03-13,10.613199,6.975506,6.289055,5.131066,7.049939,25.573169,3.637693,4.324144,0.578765,False
2023-03-14,11.033347,7.597782,7.145536,8.333861,6.002152,37.459845,3.435565,3.887811,0.418676,False
2023-03-15,11.274582,7.643324,8.208844,9.126791,4.905469,20.440469,3.631258,3.065739,0.349585,False
2023-03-16,10.684938,7.446356,7.850030,8.519615,4.494579,10.459283,3.238583,2.834908,0.345360,False
2023-03-17,12.148570,7.612630,7.551829,9.123898,4.673934,20.005367,4.535940,4.596741,0.338744,False
2023-03-18,12.390582,7.457921,8.067185,8.974268,3.753515,12.470369,4.932661,4.323397,0.294907,False
2023-03-19,14.736317,7.254592,7.689041,8.618218,2.834931,9.420135,7.481725,7.047276,0.247524,False
2023-03-20,12.754337,7.272543,7.282982,8.937271,2.390771,14.080500,5.481794,5.471355,0.211049,False
2023-03-21,13.447681,7.121619,7.458023,8.653379,1.744751,8.637662,6.326062,5.989658,0.167795,False
2023-03-22,11.183376,7.376213,7.286381,9.695525,1.805903,19.330723,3.807163,3.896995,0.157016,False
2023-03-23,12.090260,7.446642,7.778955,9.404976,2.879918,12.532291,4.643618,4.311305,0.234428,False
2023-03-24,11.596722,7.431465,7.613103,9.015993,3.473192,11.886600,4.165257,3.983619,0.278096,False
2023-03-25,10.392680,7.053417,7.702766,7.881067,2.628943,3.219708,3.339263,2.689913,0.250137,False
2023-03-26,10.953515,6.803527,7.216915,6.977788,2.350483,3.994875,4.149988,3.736599,0.251974,False
2023-03-27,10.572313,6.664045,7.209586,6.784213,1.627809,7.139352,3.908268,3.362728,0.193510,False
2023-03-28,9.905800,6.567795,7.197912,6.312405,1.746804,5.734955,3.338005,2.707888,0.216746,False
2023-03-29,11.394411,6.501579,7.096477,5.970334,1.860602,6.422617,4.892833,4.297934,0.237596,False
2023-03-30,10.784404,6.475593,7.069097,6.183236,1.271303,8.886311,4.308811,3.715307,0.170541,False
2023-03-31,9.382439,6.448547,7.274842,5.750375,1.853130,6.009143,2.933892,2.107597,0.243720,False
2023-04-01,9.270545,6.246286,7.192516,5.005992,1.651971,2.017162,3.024259,2.078029,0.248120,False
2023-04-02,9.955283,6.066383,6.892893,4.470520,1.241795,2.262440,3.888901,3.062390,0.217389,False
2023-04-03,10.473833,6.194036,6.797663,4.606306,1.978747,9.009824,4.279796,3.676169,0.300491,False
2023-04-04,9.748281,6.071141,7.015191,4.272782,1.639628,4.054084,3.677139,2.733089,0.277320,False
2023-04-05,9.222796,6.049274,6.596048,3.942927,2.073299,5.072461,3.173521,2.626747,0.344618,False
2023-04-06,8.920119,5.897410,6.335154,3.535514,1.645598,2.747467,3.022710,2.584965,0.317615,False
2023-04-07,8.137671,5.736710,6.111348,3.091002,1.217478,1.443612,2.400962,2.026323,0.282577,False
2023-04-08,8.366213,5.608519,5.977678,2.690873,0.959129,0.580307,2.757694,2.388534,0.262775,False
2023-04-09,9.395270,5.533489,5.668284,2.419840,0.875201,1.766362,3.861781,3.726986,0.265612,False
2023-04-10,10.585933,5.581278,5.584916,2.495600,1.105562,4.789462,5.004655,5.001017,0.307001,False
2023-04-11,9.922281,5.642037,5.643076,2.487170,1.589756,5.136092,4.280243,4.279205,0.389940,False
2023-04-12,8.551937,5.680420,5.607900,2.381367,2.079125,5.076845,2.871516,2.944036,0.466120,False
2023-04-13,8.429920,5.552670,5.622339,2.142484,1.529703,2.211587,2.877251,2.807581,0.416565,False
2023-04-14,7.830059,5.547966,5.397056,2.236464,1.321786,4.560164,2.282093,2.433003,0.371471,False
2023-04-15,7.932921,5.439991,5.443458,1.946955,1.017394,0.897322,2.492930,2.489463,0.343210,False
2023-04-16,8.714959,5.369986,5.172436,1.694923,0.937535,1.192402,3.344973,3.542523,0.356144,False
2023-04-17,8.469479,5.452111,5.113069,1.539928,1.854233,3.974933,3.017369,3.356410,0.546301,False
2023-04-18,8.478622,5.387541,5.192666,1.502659,1.424103,2.886302,3.091080,3.285955,0.486580,False
2023-04-19,8.503025,5.526690,5.127469,2.100950,1.405106,8.107404,2.976335,3.375556,0.400765,False
2023-04-20,8.625567,5.574385,5.371406,2.291933,1.424320,5.621501,3.051183,3.254162,0.383268,False
2023-04-21,8.233513,5.618096,5.342101,2.401688,1.561145,5.487247,2.615417,2.891413,0.393947,False
2023-04-22,8.146633,5.519798,5.364077,2.129980,1.298915,1.912222,2.626835,2.782556,0.378814,False
2023-04-23,8.054270,5.473232,5.180230,2.028647,1.124688,2.789065,2.581037,2.874040,0.356666,False
2023-04-24,7.614790,5.493265,5.215388,2.295374,0.792148,4.912932,2.121525,2.399402,0.256564,False
2023-04-25,7.516889,5.492430,5.268632,2.375806,0.638819,3.686015,2.024459,2.248257,0.211907,False
2023-04-26,8.429920,6.004530,5.155218,4.650167,0.436489,20.381786,2.425390,3.274703,0.085811,False
2023-04-27,8.308781,6.402213,6.058173,5.419075,2.100656,15.101203,1.906568,2.250608,0.279353,False
2023-04-28,7.050775,6.272256,6.139755,4.926463,1.997580,4.363168,0.778519,0.911020,0.288499,False
2023-04-29,7.036883,6.080167,5.810967,4.288735,1.680128,1.345413,0.956717,1.225917,0.281482,False
2023-04-30,7.783260,6.002869,5.661236,3.904231,1.785920,3.957516,1.780392,2.122024,0.313862,False
2023-05-01,7.751167,6.017645,5.782741,4.056194,1.622410,7.238373,1.733522,1.968426,0.285706,False
2023-05-02,7.756998,5.943390,5.769553,3.964584,1.216783,4.710042,1.813608,1.987445,0.234838,False
2023-05-03,7.672675,5.974198,5.547211,4.129677,1.152990,6.823017,1.698477,2.125464,0.218259,False
2023-05-04,7.379753,5.907510,5.665696,3.899116,1.059507,3.771461,1.472244,1.714057,0.213670,False
2023-05-05,7.314490,5.919870,5.582744,3.750467,1.426342,5.116536,1.394620,1.731746,0.275525,False
2023-05-06,6.995290,5.865951,5.668848,3.501718,1.464593,3.948805,1.129339,1.326442,0.294906,False
2023-05-07,7.317322,5.767287,5.580901,3.169688,1.309705,2.659720,1.550034,1.736421,0.292385,False
2023-05-08,7.221358,5.835906,5.525821,3.365532,1.481487,6.948588,1.385452,1.695537,0.305649,False
2023-05-09,7.402522,5.745761,5.722975,3.157251,1.166331,3.128943,1.656760,1.679546,0.269760,False
2023-05-10,7.086958,6.123089,5.577859,3.882644,2.752918,14.129781,0.963869,1.509099,0.414873,False
2023-05-11,7.184833,6.002198,6.166572,3.598959,2.338240,4.640924,1.182635,1.018261,0.393829,False
2023-05-12,6.873995,6.047077,5.824100,3.682346,2.532228,8.025241,0.826917,1.049895,0.407466,False
2023-05-13,6.404719,5.860769,6.029935,3.205668,1.965264,2.103075,0.543950,0.374784,0.380060,False
2023-05-14,6.317590,5.715135,5.736423,2.790696,1.599443,1.637693,0.602455,0.581168,0.364326,False
2023-05-15,7.488215,5.651699,5.698743,2.581395,1.492225,3.200175,1.836516,1.789472,0.366314,False
2023-05-16,7.006370,5.569849,5.612128,2.416777,1.161335,2.660608,1.436520,1.394241,0.324566,False
2023-05-17,6.772818,5.543835,5.548245,2.368325,1.049102,3.433411,1.228983,1.224572,0.306986,False
2023-05-18,5.868050,5.541066,5.512077,2.538573,0.716825,4.400324,0.326984,0.355973,0.220196,False
2023-05-19,5.929070,5.522367,5.435192,2.426455,0.777302,2.834280,0.406703,0.493878,0.242622,False
2023-05-20,5.883276,5.428172,5.290614,2.112352,0.624153,0.656776,0.455104,0.592661,0.228084,False
2023-05-21,6.057207,5.388703,5.151198,1.881044,0.742051,1.489602,0.668503,0.906008,0.282891,False
2023-05-22,6.202346,5.356790,5.165320,1.778106,0.683808,2.006081,0.845556,1.037026,0.277755,False
2023-05-23,6.871250,5.333204,5.147059,1.688332,0.665773,2.015904,1.538047,1.724192,0.282814,False
2023-05-24,7.210110,5.375926,5.070521,1.739992,0.901060,3.585155,1.834183,2.139589,0.341175,False
2023-05-25,6.251981,5.375284,5.123644,1.757940,0.863325,3.073174,0.876697,1.128336,0.329354,False
2023-05-26,5.607281,5.329381,5.105172,1.570308,0.851819,1.510599,0.277900,0.502109,0.351682,False
2023-05-27,5.086981,5.276895,5.032785,1.367032,0.818080,0.794421,-0.189914,0.054196,0.374388,False
2023-05-28,6.832887,5.354308,4.954895,1.303973,1.530532,3.709789,1.478579,1.877992,0.539964,False
2023-05-29,6.082998,5.313374,5.073680,1.267689,1.280962,2.619182,0.769624,1.009318,0.502604,False
2023-05-30,5.469322,5.277818,5.023757,1.260031,1.020611,2.423551,0.191504,0.445565,0.447510,False
2023-05-31,5.287246,5.317157,4.969074,1.234513,1.370742,3.334225,-0.029911,0.318172,0.526145,False
2023-06-01,4.862841,5.340684,5.025575,1.207394,1.601787,3.516436,-0.477843,-0.162734,0.570197,False
2023-06-02,4.695781,5.309007,4.974610,1.187074,1.394488,2.846163,-0.613226,-0.278829,0.540172,False
2023-06-03,4.328938,5.238180,4.924922,1.033408,1.128645,0.793341,-0.909242,-0.595984,0.522025,False
2023-06-04,4.761798,5.195487,4.768305,0.899634,1.043548,1.117630,-0.433690,-0.006507,0.537030,False
2023-06-05,4.407704,5.318058,4.753571,1.584016,0.739421,6.961219,-0.910354,-0.345866,0.318244,False
2023-06-06,5.220062,5.430203,5.045421,2.095552,0.670509,6.427199,-0.210142,0.174641,0.242406,False
2023-06-07,5.704375,5.550990,5.093662,2.543531,0.784343,6.776803,0.153385,0.610713,0.235689,False
2023-06-08,4.684445,5.522152,5.192943,2.396922,0.829578,2.633287,-0.837707,-0.508497,0.257114,False
2023-06-09,4.560658,5.465443,5.069766,2.191942,0.766373,1.846683,-0.904785,-0.509108,0.259057,False
2023-06-10,5.153307,5.622319,5.030360,2.553022,1.317359,7.360164,-0.469013,0.122946,0.340369,False
2023-06-11,5.021085,5.542302,5.261797,2.315645,1.133477,2.164852,-0.521216,-0.240712,0.328628,False
2023-06-12,5.911240,5.493746,5.043291,2.264938,0.851441,2.878303,0.417494,0.867948,0.273215,False
2023-06-13,5.642039,5.504309,5.028539,2.253673,0.953517,3.628609,0.137730,0.613500,0.297306,False
2023-06-14,5.464426,5.580730,5.081155,2.433308,1.215095,5.610181,-0.116303,0.383271,0.333048,False
2023-06-15,5.957142,5.539234,5.228933,2.396300,0.962517,3.286840,0.417908,0.728209,0.286564,False
2023-06-16,5.562750,5.565803,5.094339,2.300637,1.342211,3.915024,-0.003053,0.468411,0.368451,False
2023-06-17,5.053979,5.596799,5.145879,2.002821,2.125246,2.696648,-0.542820,-0.091900,0.514828,False
2023-06-18,5.649502,5.473326,5.112622,1.743557,1.646052,1.378432,0.176175,0.536880,0.485617,False
2023-06-19,5.602324,5.399654,5.043638,1.673189,1.206134,2.514997,0.202670,0.558686,0.418895,False
2023-06-20,7.611902,5.449313,5.031145,2.075096,0.855311,5.674954,2.162588,2.580756,0.291874,False
2023-06-21,8.539696,5.731839,5.196101,2.965882,1.408391,11.466819,2.807857,3.343595,0.321971,False
2023-06-22,7.140007,5.756934,5.570104,2.979437,1.577264,5.470285,1.383073,1.569903,0.346142,False
2023-06-23,7.611902,5.916110,5.422086,3.128455,2.533268,8.610540,1.695791,2.189815,0.447438,False
2023-06-24,6.618418,5.740694,5.667616,2.730693,1.906226,2.196412,0.877724,0.950802,0.411098,False
2023-06-25,6.715726,5.624668,5.440623,2.472640,1.482275,2.459963,1.091059,1.275103,0.374793,False
2023-06-26,6.715726,5.608224,5.422019,2.452361,1.392432,4.216136,1.107503,1.293707,0.362160,False
2023-06-27,6.556620,5.559975,5.413622,2.398368,1.118767,3.377845,0.996645,1.142998,0.318090,False
2023-06-28,6.428585,5.542668,5.326523,2.369491,1.037969,3.579095,0.885917,1.102062,0.304617,False
2023-06-29,5.189015,5.501512,5.242562,2.232175,0.971194,2.630285,-0.312497,-0.053547,0.303179,False
2023-06-30,5.812393,5.849355,5.179877,3.490803,1.356478,14.238245,-0.036961,0.632517,0.279843,False
2023-07-01,5.939270,5.697213,5.828506,3.038920,1.007847,0.692535,0.242057,0.110764,0.249050,False
2023-07-02,6.280807,5.636374,5.313710,2.661673,1.227376,2.072560,0.644433,0.967097,0.315598,False
2023-07-03,6.591514,5.567353,5.297118,2.382431,1.204796,2.199024,1.024161,1.294395,0.335857,False
2023-07-04,5.952033,5.475456,5.283629,2.121970,0.971418,1.539994,0.476577,0.668404,0.314030,False
2023-07-05,5.911240,5.411506,5.235344,1.882841,0.914702,1.525028,0.499734,0.675895,0.326966,False
2023-07-06,6.301813,5.484853,5.049993,2.256546,0.798153,5.799452,0.816960,1.251820,0.261287,False
2023-07-07,5.557813,5.469479,5.263218,2.108366,0.950146,2.603362,0.088333,0.294594,0.310656,False
2023-07-08,5.306521,5.383138,5.155994,1.835439,0.782392,0.541431,-0.076617,0.150527,0.298870,False
2023-07-09,5.277622,5.309495,5.034998,1.597843,0.648097,0.737316,-0.031873,0.242625,0.288564,False
2023-07-10,5.366980,5.334273,5.013992,1.583429,0.865603,2.917515,0.032706,0.352987,0.353447,False
2023-07-11,5.294470,5.286614,5.119486,1.456917,0.728921,1.518903,0.007856,0.174984,0.333474,False
2023-07-12,4.664076,5.292367,5.007384,1.448097,0.789417,2.567870,-0.628292,-0.343309,0.352810,False
2023-07-13,5.584993,5.409830,5.015271,1.734945,1.171869,5.681746,0.175163,0.569722,0.403146,False
2023-07-14,4.881326,5.445348,5.137422,2.088241,0.800709,5.264872,-0.564021,-0.256096,0.277163,False
2023-07-15,5.061042,5.350493,5.180794,1.817919,0.562513,0.389759,-0.289451,-0.119752,0.236307,False
2023-07-16,4.855918,5.294707,4.910797,1.597127,0.535305,0.849488,-0.438789,-0.054880,0.251030,False
2023-07-17,5.042219,5.307552,4.905822,1.567312,0.688863,2.487781,-0.265333,0.136397,0.305323,False
2023-07-18,4.988298,5.301161,4.960479,1.588989,0.599966,2.507639,-0.312863,0.027819,0.274088,False
2023-07-19,4.500496,5.269468,4.904658,1.529657,0.463791,1.666456,-0.768973,-0.404162,0.232658,False
2023-07-20,4.745820,5.277227,4.814106,1.503692,0.571073,2.240086,-0.531407,-0.068286,0.275247,False
2023-07-21,4.115993,5.231994,4.846048,1.342422,0.516590,0.943499,-1.116001,-0.730054,0.277884,False
2023-07-22,4.182096,5.184793,4.788640,1.168646,0.469757,0.454501,-1.002698,-0.606544,0.286717,False
2023-07-23,4.225022,5.152329,4.624976,1.048395,0.438880,0.836268,-0.927307,-0.399954,0.295090,False
2023-07-24,4.008390,5.450341,4.617273,0.912681,2.986075,5.174084,-1.441951,-0.608883,0.765905,False
2023-07-25,3.908419,5.312686,4.837162,0.794535,2.139743,0.742141,-1.404267,-0.928743,0.729223,False
2023-07-26,3.987459,5.227588,4.654776,0.691683,1.670986,1.774017,-1.240129,-0.667317,0.707245,False
2023-07-27,3.622054,5.145621,4.702629,0.602145,1.202082,0.711343,-1.523568,-1.080575,0.666259,False
2023-07-28,3.446907,5.080038,4.662903,0.524197,0.838418,0.643011,-1.633132,-1.215997,0.615300,False
2023-07-29,3.348498,5.033448,4.612986,0.456340,0.602871,0.139155,-1.684951,-1.264489,0.569170,False
2023-07-30,3.616079,5.014592,4.508465,0.397267,0.565262,0.743348,-1.398513,-0.892386,0.587267,False
2023-07-31,3.704200,5.006615,4.530700,0.364012,0.564445,0.943157,-1.302415,-0.826500,0.607939,False
2023-08-01,3.662010,5.059621,4.528385,0.576863,0.584710,2.859198,-1.397612,-0.866375,0.503378,False
2023-08-02,3.714281,5.108447,4.620863,0.664020,0.802259,2.591038,-1.394166,-0.906582,0.547139,False
2023-08-03,3.592230,5.068549,4.646662,0.608040,0.596652,0.893073,-1.476318,-1.054432,0.495273,False
2023-08-04,3.236430,5.040095,4.584411,0.572974,0.441153,0.823073,-1.803665,-1.347981,0.435008,False
2023-08-05,3.128121,5.006654,4.540614,0.498803,0.318591,0.116545,-1.878533,-1.412494,0.389764,False
2023-08-06,3.172715,4.980419,4.460870,0.434233,0.234088,0.203351,-1.807704,-1.288155,0.350263,False
2023-08-07,3.608121,4.991383,4.427406,0.506854,0.186063,1.216227,-1.383263,-0.819285,0.268522,False
2023-08-08,4.350747,5.034722,4.446900,0.625937,0.302973,1.964915,-0.683975,-0.096154,0.326160,False
2023-08-09,4.109624,5.036406,4.481710,0.685597,0.207014,1.293821,-0.926781,-0.372085,0.231920,False
2023-08-10,3.590247,5.030733,4.454544,0.632468,0.260272,0.694362,-1.440487,-0.864297,0.291543,False
2023-08-11,2.936733,5.011673,4.433318,0.564428,0.237469,0.424079,-2.074940,-1.496585,0.296135,False
2023-08-12,2.872505,4.986383,4.411184,0.491363,0.175771,0.041415,-2.113878,-1.538679,0.263472,False
2023-08-13,3.122569,4.967781,4.374962,0.427756,0.148407,0.101886,-1.845212,-1.252393,0.257578,False
2023-08-14,3.358082,4.972799,4.349534,0.449717,0.147016,0.805424,-1.614716,-0.991451,0.246369,False
2023-08-15,3.276100,4.968258,4.366687,0.448906,0.113460,0.574312,-1.692158,-1.090587,0.201755,False
2023-08-16,3.662010,4.984831,4.317083,0.535039,0.084035,1.207023,-1.322821,-0.655074,0.135743,False
2023-08-17,7.493945,6.026920,4.352818,3.753003,2.247669,30.570791,1.467025,3.141127,0.374570,False
2023-08-18,5.203333,5.993535,5.998337,3.887274,1.744872,6.814767,-0.790203,-0.795004,0.309806,False
2023-08-19,5.068110,5.817010,5.335353,3.384069,1.301840,1.299020,-0.748900,-0.267243,0.277820,False
2023-08-20,5.108253,5.679113,5.160821,2.946003,1.037883,0.756626,-0.570860,-0.052568,0.260520,False
2023-08-21,4.978950,5.570968,5.150244,2.636411,0.768868,1.403118,-0.592018,-0.171294,0.225787,False
2023-08-22,4.862841,5.614208,5.180465,2.320483,1.679443,3.418790,-0.751367,-0.317624,0.419869,False
2023-08-23,5.155683,5.550348,4.914836,2.218917,1.372210,3.208586,-0.394665,0.240848,0.382111,False
2023-08-24,4.768653,5.455446,4.863557,1.986653,1.064147,1.658065,-0.686793,-0.094904,0.348809,False
2023-08-25,3.612099,5.388685,4.807612,1.889152,0.727105,1.960563,-1.776586,-1.195513,0.277918,False
2023-08-26,3.456631,5.310355,4.842947,1.644602,0.569341,0.179644,-1.853724,-1.386316,0.257161,False
2023-08-27,3.560555,5.245330,4.761013,1.431709,0.456424,0.303440,-1.684775,-1.200458,0.241733,False
2023-08-28,3.634018,5.219831,4.726048,1.340127,0.426935,1.305063,-1.585814,-1.092030,0.241607,False
2023-08-29,4.516055,5.697006,4.744663,1.994849,2.912965,12.816487,-1.180951,-0.228609,0.593536,False
2023-08-30,3.993733,5.552373,5.381868,1.820577,2.115289,2.930970,-1.558640,-1.388135,0.537439,False
2023-08-31,3.546741,5.628730,5.068357,1.841774,2.665720,6.282202,-2.081989,-1.521616,0.591397,False
2023-09-01,3.568461,5.512600,5.305315,1.813457,1.821420,3.444444,-1.944140,-1.736855,0.501095,False
2023-09-02,3.466370,5.391646,5.274412,1.578706,1.316896,0.477859,-1.925277,-1.808042,0.454792,False
2023-09-03,3.922919,5.309439,5.163621,1.374344,1.055831,1.026006,-1.386520,-1.240702,0.434467,False
2023-09-04,4.018877,5.255475,5.036409,1.229089,0.904730,1.402134,-1.236598,-1.017532,0.423996,False
2023-09-05,4.337655,5.204623,5.040491,1.104852,0.739259,1.170546,-0.866968,-0.702836,0.400875,False
2023-09-06,4.255200,5.211718,4.968914,1.092129,0.817235,2.241229,-0.956518,-0.713714,0.428014,False
2023-09-07,4.326761,5.203592,5.003978,1.105090,0.730869,2.153785,-0.876831,-0.677217,0.398086,False
2023-09-08,4.383562,5.198678,5.031237,1.109964,0.684052,2.073771,-0.815116,-0.647675,0.381297,False
2023-09-09,4.328938,5.145343,4.793147,0.966280,0.534939,0.206163,-0.816404,-0.464209,0.356336,False
2023-09-10,4.498275,5.123339,4.656495,0.863232,0.553357,0.974810,-0.625064,-0.158220,0.390626,False
2023-09-11,5.383970,5.212435,4.677120,1.127881,0.757480,4.172521,0.171534,0.706849,0.401769,False
2023-09-12,5.200945,5.420342,4.840520,1.467520,1.741352,7.129640,-0.219397,0.360425,0.542668,False
2023-09-13,5.316171,5.385765,5.055837,1.409902,1.579788,3.123748,-0.069593,0.260335,0.528412,False
2023-09-14,4.766367,5.347601,4.931391,1.384585,1.331563,2.883094,-0.581233,-0.165024,0.490240,False
2023-09-15,4.197095,5.272794,4.955448,1.245534,1.008322,1.450469,-1.075699,-0.758354,0.447376,False
2023-09-16,4.278987,5.199884,4.911362,1.084301,0.740226,0.531917,-0.920897,-0.632375,0.405708,False
2023-09-17,4.346381,5.141060,4.820110,0.943939,0.542695,0.282939,-0.794679,-0.473730,0.365050,False
2023-09-18,4.713946,5.180209,4.722939,1.200431,0.376338,3.309081,-0.466262,-0.008993,0.238677,False
2023-09-19,4.955619,5.238581,4.854085,1.399790,0.462645,3.477968,-0.282962,0.101534,0.248409,False
2023-09-20,5.068110,5.254712,4.886585,1.548176,0.316114,2.862193,-0.186602,0.181525,0.169563,False
2023-09-21,4.688978,5.243478,4.797210,1.555541,0.215993,1.821062,-0.554501,-0.108232,0.121924,False
2023-09-22,3.809710,5.212700,4.769141,1.450372,0.170581,0.944446,-1.402990,-0.959431,0.105235,False
2023-09-23,3.881561,5.167699,4.701467,1.262622,0.166243,0.162501,-1.286138,-0.819906,0.116346,False
2023-09-24,4.082082,5.202925,4.605108,1.099176,0.736524,1.566456,-1.120843,-0.523026,0.401222,False
2023-09-25,4.220719,5.180564,4.637125,1.080525,0.598053,1.679937,-0.959844,-0.416406,0.356285,False
2023-09-26,4.096901,5.141915,4.631203,0.989665,0.465786,0.920851,-1.045014,-0.534302,0.320029,False
2023-09-27,3.562530,5.158948,4.589512,1.062089,0.464940,2.210247,-1.596417,-1.026981,0.304474,False
2023-09-28,4.088430,5.206629,4.658824,1.272357,0.448835,3.310656,-1.118199,-0.570394,0.260770,False
2023-09-29,2.990799,5.230751,4.746645,1.330046,0.529599,2.545738,-2.239952,-1.755846,0.284785,False
2023-09-30,3.529019,5.176227,4.736997,1.157872,0.423342,0.331592,-1.647208,-1.207978,0.267732,False
2023-10-01,3.852740,5.563602,4.629157,1.007986,3.685903,7.902168,-1.710862,-0.776418,0.785256,False
2023-10-02,3.991641,5.533438,5.044130,1.101466,3.282451,6.034296,-1.541797,-1.052489,0.748748,False
2023-10-03,3.947840,5.388141,5.075191,0.958882,2.421786,2.387887,-1.440301,-1.127351,0.716363,False
2023-10-04,3.807667,5.286200,4.924065,0.868598,1.800131,2.256001,-1.478533,-1.116398,0.674528,False
2023-10-05,3.700171,5.244021,4.873204,0.915765,1.388554,2.833590,-1.543850,-1.173033,0.602588,False
2023-10-06,3.367681,5.279541,4.922981,1.143838,1.246097,4.321387,-1.911859,-1.555300,0.521394,False
2023-10-07,3.875376,5.197644,4.939037,0.995769,0.884621,0.501785,-1.322268,-1.063661,0.470445,False
2023-10-08,3.924993,5.149586,4.728998,0.891319,0.704576,1.027384,-1.224593,-0.804005,0.441493,False
2023-10-09,3.712263,5.166822,4.733309,0.962592,0.707403,2.451537,-1.454559,-1.021046,0.423596,False
2023-10-10,4.067290,5.157415,4.803038,0.998188,0.569815,1.923028,-1.090125,-0.735748,0.363402,False
2023-10-11,3.726396,5.213217,4.761108,1.086160,0.839701,3.119781,-1.486821,-1.034713,0.436013,False
2023-10-12,3.392702,5.174226,4.782759,1.066179,0.575353,1.509308,-1.781524,-1.390057,0.350498,False
2023-10-13,3.427498,5.183487,4.729604,1.023621,0.724530,1.905169,-1.755989,-1.302106,0.414455,False
2023-10-14,3.656002,5.129651,4.755234,0.891114,0.551142,0.290583,-1.473649,-1.099232,0.382139,False
2023-10-15,3.989550,5.096651,4.666565,0.785328,0.489708,0.714921,-1.107101,-0.677015,0.384074,False
2023-10-16,4.978950,5.950267,4.669941,4.000901,1.203526,27.991325,-0.971317,0.309009,0.231250,False
2023-10-17,4.623470,5.873495,6.149983,3.740591,1.086562,3.429929,-1.250025,-1.526513,0.225094,False
2023-10-18,4.218569,5.834159,5.358933,3.454613,1.305326,3.589558,-1.615590,-1.140364,0.274232,False
2023-10-19,4.205678,5.751491,5.409719,3.218583,1.098531,3.006162,-1.545813,-1.204041,0.254460,False
2023-10-20,5.366980,5.781244,5.432482,3.430953,0.940259,6.053053,-0.414264,-0.065502,0.215103,False
2023-10-21,5.772082,5.676675,5.629496,3.152231,0.642456,1.920276,0.095407,0.142587,0.169304,False
2023-10-22,6.527167,5.621231,5.142765,2.851993,0.762970,2.029172,0.905937,1.384403,0.211059,False
2023-10-23,8.399553,6.455593,5.142950,6.509412,0.521319,31.626955,1.943960,3.256604,0.074149,False
2023-10-24,8.045359,6.949299,6.719428,8.455832,0.775959,22.882892,1.096060,1.325932,0.084053,False
2023-10-25,9.331204,6.897580,6.830937,8.303962,0.654261,8.102823,2.433625,2.500268,0.073035,False
2023-10-26,8.293700,6.743376,6.407371,7.705790,0.556886,4.386860,1.550323,1.886329,0.067398,False
2023-10-27,6.101085,6.614251,6.332493,7.041803,0.773199,3.874858,-0.513166,-0.231408,0.098938,False
2023-10-28,6.912474,6.420629,6.348428,6.140871,0.924584,1.536650,0.491845,0.564045,0.130860,False
2023-10-29,8.051299,6.241152,5.850950,5.407201,0.879657,1.684459,1.810147,2.200349,0.139920,False
2023-10-30,7.956526,6.128448,5.588736,4.951064,0.843085,3.050320,1.828078,2.367790,0.145506,False
2023-10-31,8.215500,6.004415,5.586505,4.493746,0.721261,2.333726,2.211085,2.628995,0.138305,False
2023-11-01,9.790818,6.000501,5.534334,4.602298,0.492820,5.825133,3.790317,4.256484,0.096724,False
2023-11-02,9.863014,5.975658,5.712176,4.425658,0.623724,4.245296,3.887356,4.150838,0.123525,False
2023-11-03,9.181513,5.917681,5.703996,4.247343,0.502040,3.651674,3.263832,3.477517,0.105706,False
2023-11-04,10.688361,5.797296,5.728383,3.760411,0.462446,1.107930,4.891065,4.959977,0.109510,False
2023-11-05,9.895918,5.740384,5.609867,3.489570,0.517951,2.456230,4.155534,4.286051,0.129245,False
2023-11-06,9.014163,5.663366,5.676047,3.188379,0.473751,1.796895,3.350798,3.338117,0.129365,False
2023-11-07,8.432960,5.666489,5.610441,3.163453,0.543366,3.832973,2.766471,2.822519,0.146586,False
2023-11-08,9.083442,5.670571,5.462797,3.059483,0.764739,3.651243,3.412871,3.620645,0.199972,False
2023-11-09,9.495005,6.079309,5.458574,4.151838,1.923518,15.295153,3.415696,4.036431,0.316610,False
2023-11-10,8.851467,5.987527,6.140841,3.948694,1.586348,4.532741,2.863940,2.710626,0.286601,False
2023-11-11,9.245063,5.826154,5.817026,3.499499,1.161587,1.744118,3.418909,3.428037,0.249209,False
2023-11-12,9.321613,5.680576,5.684264,3.069189,0.824204,1.040367,3.641038,3.637349,0.211693,False
2023-11-13,8.671747,5.625369,5.616184,2.978888,0.563158,2.934773,3.046378,3.055563,0.158992,False
2023-11-14,8.665582,5.772671,5.678852,3.244497,1.214622,7.355153,2.892912,2.986731,0.272391,False
2023-11-15,10.031398,6.044849,5.512372,3.490483,2.865424,10.732445,3.986548,4.519025,0.450829,False
2023-11-16,8.393486,5.978489,5.601670,3.707072,1.957873,7.121513,2.414997,2.791816,0.345612,False
2023-11-17,8.408658,5.949418,5.541256,3.923806,1.337765,6.719109,2.459240,2.867401,0.254252,False
2023-11-18,8.101875,5.787291,5.622373,3.415871,1.014457,1.146554,2.314584,2.479502,0.228980,False
2023-11-19,8.758278,5.678653,5.386459,3.018701,0.901570,1.528029,3.079626,3.371819,0.229976,False
2023-11-20,9.197380,5.710766,5.323003,3.028697,1.131092,4.915869,3.486613,3.874377,0.271911,False
2023-11-21,8.506078,5.781833,5.389782,3.422390,0.960443,7.281317,2.724245,3.116295,0.219138,False
2023-11-22,8.439041,5.761314,5.508938,3.399335,0.844232,4.339934,2.677727,2.930103,0.198944,False
2023-11-23,7.950622,5.668936,5.395747,3.099096,0.679784,1.897436,2.281685,2.554875,0.179890,False
2023-11-24,7.885815,5.703328,5.288558,3.183027,0.791862,4.977165,2.182487,2.597257,0.199216,False
2023-11-25,7.445307,5.580702,5.444376,2.770986,0.598204,0.398944,1.864605,2.000931,0.177551,False
2023-11-26,7.751167,5.497733,5.201812,2.498417,0.455821,1.184172,2.253434,2.549355,0.154294,False
2023-11-27,7.020231,5.490139,5.149230,2.431856,0.518778,2.780294,1.530093,1.871001,0.175819,False
2023-11-28,7.009141,5.506447,5.185677,2.412999,0.679047,3.399320,1.502694,1.823464,0.219611,False
2023-11-29,7.379753,5.478028,5.240305,2.381796,0.516761,2.759313,1.901725,2.139449,0.178282,False
2023-11-30,6.794630,5.428358,5.180214,2.201213,0.463313,1.597508,1.366272,1.614416,0.173882,False
2023-12-01,7.255155,5.423054,5.138624,2.259155,0.316570,2.965388,1.832101,2.116531,0.122905,False
2023-12-02,7.508281,5.414848,5.100476,2.209785,0.343417,2.391189,2.093433,2.407805,0.134504,False
2023-12-03,8.203502,5.393449,5.057223,2.100129,0.378567,1.933735,2.810053,3.146280,0.152728,False
2023-12-04,8.314817,5.530971,5.024205,2.605046,0.517545,6.864393,2.783845,3.290612,0.165742,False
2023-12-05,8.503025,5.713066,5.295783,3.241776,0.759707,8.826596,2.789959,3.207241,0.189856,False
2023-12-06,7.903463,5.746489,5.508365,3.514740,0.519089,5.869519,2.156974,2.395098,0.128684,False
2023-12-07,7.522630,5.749523,5.433295,3.587708,0.409241,4.560633,1.773107,2.089335,0.102388,False
2023-12-08,7.906407,5.718826,5.363440,3.481113,0.367060,3.248256,2.187581,2.542966,0.095386,False
2023-12-09,7.983124,5.651674,5.302366,3.185336,0.389101,1.770288,2.331450,2.680758,0.108857,False
2023-12-10,8.296715,5.565344,5.142374,2.851954,0.331844,1.030041,2.731370,3.154341,0.104229,False
2023-12-11,8.466433,6.332843,5.014214,3.866388,4.400983,20.672076,2.133591,3.452220,0.532332,False
2023-12-12,7.950622,6.117825,6.040325,3.721229,3.007082,5.752115,1.832797,1.910297,0.446930,False
2023-12-13,7.830059,6.022296,5.558139,3.748971,2.219355,6.375148,1.807763,2.271920,0.371856,False
2023-12-14,7.733690,6.072243,5.612251,3.630744,2.820634,7.400537,1.661447,2.121439,0.437214,False
2023-12-15,8.033486,5.900808,5.747436,3.279863,2.138697,3.341642,2.132678,2.286050,0.394698,False
2023-12-16,7.932921,5.725750,5.652918,2.855287,1.563390,1.555120,2.207170,2.280003,0.353814,False
2023-12-17,8.167562,5.639283,5.312222,2.653463,1.264814,2.823924,2.528279,2.855340,0.322798,False
2023-12-18,8.597919,5.636523,5.338034,2.861161,0.864215,5.122151,2.961396,3.259885,0.231981,False
2023-12-19,9.096067,5.657833,5.433854,3.040238,0.701601,5.094730,3.438234,3.662213,0.187502,False
2023-12-20,9.248247,5.695078,5.422966,3.319275,0.479387,5.675187,3.553168,3.825280,0.126199,False
2023-12-21,9.417745,5.740292,5.493065,3.281784,0.896706,4.687550,3.677453,3.924680,0.214601,False
2023-12-22,8.976487,5.699017,5.517498,3.195976,0.734952,3.517366,3.277469,3.458988,0.186966,False
2023-12-23,8.892002,5.601647,5.503744,2.803485,0.700455,1.129609,3.290356,3.388258,0.199905,False
2023-12-24,9.449898,5.594546,5.354588,2.619866,0.980998,3.037923,3.855352,4.095310,0.272434,False
2023-12-25,9.299254,5.534243,5.397914,2.461866,0.804271,2.382764,3.765010,3.901339,0.246245,False
2023-12-26,9.856439,5.554721,5.336551,2.463510,0.959265,3.981800,4.301718,4.519888,0.280259,False
2023-12-27,11.344993,5.530233,5.356247,2.403989,0.879020,3.181742,5.814761,5.988746,0.267748,False
2023-12-28,11.134418,5.528257,5.275424,2.473784,0.736315,3.860957,5.606161,5.858993,0.229375,False
2023-12-29,10.702055,5.583975,5.316623,2.658969,0.828023,5.166914,5.118080,5.385432,0.237460,False
2023-12-30,10.911978,5.529261,5.394010,2.525373,0.649846,2.389229,5.382718,5.517969,0.204662,False
2023-12-31,11.472285,5.492380,5.292550,2.404184,0.586607,2.366484,5.979905,6.179735,0.196138,False
2024-01-01,12.228976,5.462132,5.275842,2.299690,0.544052,2.332582,6.766844,6.953133,0.191315,False
2024-01-02,11.134418,5.624668,5.274962,2.864758,0.766181,7.958564,5.509749,5.859456,0.211015,False
2024-01-03,11.635970,6.565913,5.407941,5.268746,3.638243,29.239493,5.070056,6.228028,0.408471,False
2024-01-04,11.696755,6.466847,6.648876,5.075158,3.227419,7.992376,5.229908,5.047879,0.388725,False
2024-01-05,12.534711,6.924854,6.017082,5.552623,5.889271,19.579900,5.609857,6.517629,0.514711,False
2024-01-06,13.963102,6.517786,6.741204,4.833839,4.061148,1.947019,7.445316,7.221897,0.456566,False
2024-01-07,14.127880,6.232231,6.127027,4.208101,3.000659,2.553097,7.895648,8.000852,0.416252,False
2024-01-08,12.357440,6.357277,6.085494,4.318915,3.763089,11.117940,6.000163,6.271946,0.465613,False
2024-01-09,11.281613,7.016480,6.210676,6.820972,4.279926,30.212504,4.265134,5.070938,0.385548,False
2024-01-10,10.770658,7.354866,7.367351,8.185525,4.398799,23.732879,3.415792,3.403306,0.349546,False
2024-01-11,8.995315,7.283525,7.365288,8.606082,3.080328,14.614617,1.711790,1.630027,0.263582,False
2024-01-12,9.033031,7.394808,7.300603,9.544757,2.224712,18.242574,1.638224,1.732428,0.189024,False
2024-01-13,8.308781,7.145406,7.747336,8.750165,1.751531,5.467575,1.163374,0.561445,0.166786,False
2024-01-14,8.860813,6.892152,7.257921,7.963055,1.234958,3.955740,1.968661,1.602892,0.134264,False
2024-01-15,8.579511,6.739818,6.887658,7.290645,1.287579,4.649736,1.839693,1.691853,0.150099,False
2024-01-16,8.335961,6.603631,6.675382,6.938574,0.879771,5.450664,1.732330,1.660579,0.112526,False
2024-01-17,7.067463,6.457158,6.609328,6.472320,0.601125,3.937876,0.610306,0.458135,0.084983,False
2024-01-18,6.394126,6.398676,6.370436,6.329496,0.410734,5.779736,-0.004550,0.023690,0.060938,False
2024-01-19,6.322854,6.380142,6.459586,6.322425,0.280644,6.555516,-0.057288,-0.136733,0.042502,False
2024-01-20,6.301813,6.216135,6.543443,5.600411,0.333790,1.268594,0.085678,-0.241630,0.056248,False
2024-01-21,6.265075,6.049228,6.286115,4.906912,0.312484,0.668494,0.215847,-0.021040,0.059870,False
2024-01-22,6.572713,6.172148,6.188144,5.428939,0.307552,9.372905,0.400565,0.384570,0.053613,False
2024-01-23,6.737447,6.273149,6.615227,5.691408,0.607510,8.595465,0.464298,0.122220,0.096447,False
2024-01-24,6.191922,6.210597,6.680520,5.503018,0.468923,4.776998,-0.018675,-0.488598,0.078521,False
2024-01-25,5.550411,6.141879,6.500154,5.001470,0.854660,3.197721,-0.591467,-0.949742,0.145943,False
2024-01-26,5.239213,6.138535,6.244310,4.787852,1.218976,5.419499,-0.899321,-1.005097,0.202932,False
2024-01-27,4.932342,5.949748,6.359242,4.175966,0.879810,1.003574,-1.017406,-1.426899,0.174021,False
2024-01-28,5.609760,5.850195,5.937785,3.816436,0.768280,2.390384,-0.240435,-0.328024,0.167574,False
2024-01-29,5.637067,5.808758,5.907364,3.595324,0.852365,3.398596,-0.171690,-0.270297,0.191642,False
2024-01-30,6.028899,5.784084,5.930839,3.513862,0.810758,4.082192,0.244815,0.098060,0.187475,False
2024-01-31,5.744450,5.822868,5.904061,3.624236,0.908435,5.748994,-0.078418,-0.159611,0.200419,False
2024-02-01,5.488925,5.793713,5.750961,3.575296,0.772860,4.222521,-0.304788,-0.262036,0.177744,False
2024-02-02,4.927693,5.739560,5.570886,3.305340,0.848040,2.765837,-0.811867,-0.643192,0.204181,False
2024-02-03,4.723042,5.612199,5.422915,2.877466,0.646763,0.648466,-0.889156,-0.699872,0.183519,False
2024-02-04,4.992976,5.531967,5.161431,2.557984,0.611174,1.246999,-0.538992,-0.168456,0.192851,False
2024-02-05,4.918402,5.500640,5.107679,2.454946,0.557638,2.506940,-0.582238,-0.189277,0.185103,False
2024-02-06,5.035170,5.478662,5.095219,2.314289,0.644933,2.366251,-0.443492,-0.060050,0.217940,False
2024-02-07,5.260801,5.468619,5.046192,2.234383,0.713375,2.775110,-0.207818,0.214609,0.242006,False
2024-02-08,5.525776,5.471914,5.036767,2.261910,0.688523,3.404490,0.053862,0.489009,0.233363,False
2024-02-09,6.257217,5.669314,5.089496,2.656955,1.490144,8.167525,0.587903,1.167720,0.359322,False
2024-02-10,6.824680,5.553720,5.362227,2.427021,1.018178,1.898885,1.270960,1.462453,0.295535,False
2024-02-11,7.207299,5.497944,5.101344,2.270677,0.873354,2.330217,1.709355,2.105955,0.277782,False
2024-02-12,8.072105,5.554598,5.124754,2.522142,0.851239,5.404855,2.517507,2.947351,0.252340,False
2024-02-13,7.462455,5.674884,5.304676,2.834339,1.209179,6.982330,1.787571,2.157779,0.299041,False
2024-02-14,8.326896,5.743427,5.384028,3.140029,1.179774,6.848440,2.583468,2.942868,0.273108,False
2024-02-15,8.311798,5.765976,5.346953,3.348961,0.972193,5.948348,2.545822,2.964845,0.224985,False
2024-02-16,8.360158,5.748932,5.379741,3.221662,1.073169,3.985594,2.611225,2.980417,0.249875,False
2024-02-17,8.665582,5.668871,5.341856,2.994533,0.870237,2.520504,2.996711,3.323727,0.225172,False
2024-02-18,8.976487,5.582235,5.229151,2.779295,0.594858,1.927002,3.394251,3.747336,0.176299,False
2024-02-19,8.848353,5.554098,5.150940,2.652391,0.609518,2.680053,3.294255,3.697413,0.186859,False
2024-02-20,8.478622,5.629748,5.124388,2.950390,0.648990,5.914410,2.848874,3.354234,0.180306,False
2024-02-21,7.992000,5.661038,5.255430,3.055261,0.698895,4.801060,2.330962,2.736570,0.186166,False
2024-02-22,8.402587,5.686343,5.234700,2.940998,1.102810,4.111627,2.716244,3.167888,0.272716,False
2024-02-23,7.473898,5.631072,5.217880,2.807342,0.920445,3.052188,1.842826,2.256018,0.246915,False
2024-02-24,8.042390,5.523674,5.186517,2.456329,0.732833,0.967566,2.518716,2.855874,0.229788,False
2024-02-25,8.338983,5.444562,5.077803,2.208719,0.574627,1.217000,2.894421,3.261180,0.206452,False
2024-02-26,8.607130,5.549635,5.029713,2.680966,0.522898,6.553957,3.057495,3.577417,0.163209,False
2024-02-27,9.331204,5.804582,5.279729,3.848778,0.357283,12.059625,3.526622,4.051475,0.084945,False
2024-02-28,12.579226,7.073011,5.653684,7.300079,3.841143,39.161951,5.506215,6.925543,0.344769,False
2024-02-29,11.768470,7.202366,7.365630,8.382986,2.861564,18.844092,4.566104,4.402840,0.254485,False
2024-03-01,11.707498,7.009009,7.052320,8.062355,1.955235,7.861340,4.698490,4.655178,0.195180,False
2024-03-02,11.869239,6.742927,6.806467,7.165334,1.540411,2.946688,5.126313,5.062772,0.176942,False
2024-03-03,14.092489,6.552915,6.547221,6.553694,1.191347,3.817406,7.539574,7.545268,0.153821,False
2024-03-04,15.332976,6.936664,6.485551,7.717168,2.027441,19.191826,8.396312,8.847425,0.208058,False
2024-03-05,14.676099,8.077080,6.891950,12.886929,1.385300,49.039001,6.599019,7.784149,0.097063,False
2024-03-06,15.349377,8.283109,8.679152,13.997636,0.946541,22.413701,7.066268,6.670225,0.063338,False
2024-03-07,13.302198,8.157139,8.103214,13.179970,1.467852,10.247141,5.145059,5.198984,0.100210,False
2024-03-08,14.151498,8.162360,7.816626,13.456598,1.002946,16.319873,5.989138,6.334872,0.069362,False
2024-03-09,15.427402,7.743650,8.276568,11.749772,0.889391,1.433688,7.683751,7.150833,0.070368,False
2024-03-10,17.586889,7.508650,7.517798,10.523541,1.315597,4.539447,10.078238,10.069091,0.111123,False
2024-03-11,18.883070,7.473122,7.057945,10.259428,1.523801,10.842783,11.409948,11.825125,0.129319,False
2024-03-12,16.702702,7.578492,7.197771,10.392074,2.094560,14.787473,9.124210,9.504932,0.167744,False
2024-03-13,16.455479,7.332762,7.496594,9.681194,1.496824,6.485150,9.122718,8.958885,0.133908,False
2024-03-14,15.238839,7.425831,7.091751,10.333999,1.022742,15.746873,7.813008,8.147089,0.090056,False
2024-03-15,16.117507,8.109473,7.688380,13.323322,0.838280,34.451389,8.008034,8.429127,0.059194,False
2024-03-16,15.712419,8.083313,8.978447,13.108800,1.028206,13.303432,7.629106,6.733971,0.072732,False
2024-03-17,15.795520,7.963890,8.384338,12.539654,1.146176,10.451622,7.831630,7.411183,0.083749,False
2024-03-18,15.035196,7.843470,8.313925,12.018513,1.168781,10.198340,7.191726,6.721270,0.088629,False
2024-03-19,16.079704,8.222649,8.432477,13.552220,1.293482,25.821778,7.857056,7.647228,0.087128,False
2024-03-20,16.553296,8.551719,9.261725,15.166838,0.883804,26.908985,8.001577,7.291571,0.055063,False
2024-03-21,15.517993,8.504600,9.329578,14.630286,1.500119,13.720708,7.013393,6.188415,0.092999,False
2024-03-22,14.384799,8.412524,8.666182,14.481727,1.060998,14.591810,5.972275,5.718617,0.068263,False
2024-03-23,14.873267,8.148406,8.712710,13.076635,1.589182,6.372360,6.724861,6.160556,0.108360,False
2024-03-24,14.448396,7.894909,8.371342,11.974059,1.646848,6.956339,6.553486,6.077054,0.120906,False
2024-03-25,15.928938,7.735162,8.179152,11.459887,1.353296,9.660346,8.193776,7.749787,0.105618,False
2024-03-26,15.571650,7.549783,8.095926,10.911381,0.924674,8.147342,8.021867,7.475723,0.078123,False
2024-03-27,15.733174,7.542496,7.875190,10.487097,1.643297,10.629835,8.190677,7.857984,0.135469,False
2024-03-28,16.046139,7.327893,7.571613,9.524063,1.746219,5.627585,8.718246,8.474527,0.154940,False
2024-03-29,14.644033,7.024388,7.245785,8.474957,1.320392,2.910260,7.619645,7.398248,0.134798,False
2024-03-30,15.382205,6.719942,7.036684,7.383685,0.964316,1.092254,8.662263,8.345521,0.115515,False
2024-03-31,16.092300,6.500017,6.729846,6.508555,0.865641,1.765436,9.592283,9.362454,0.117388,False
2024-04-01,14.925798,6.411524,6.671976,6.284810,0.591471,5.371585,8.514274,8.253822,0.086016,False
2024-04-02,15.153142,6.712639,6.732484,7.193793,1.254753,15.699092,8.440503,8.420659,0.148517,False
2024-04-03,14.380829,6.660106,7.256426,6.874662,1.432232,6.929587,7.720723,7.124402,0.172415,False
2024-04-04,14.325304,6.594247,6.943485,6.586141,1.450994,6.728593,7.731057,7.381820,0.180536,False
2024-04-05,14.186963,6.606689,7.012606,6.477829,1.744796,8.501775,7.580274,7.174357,0.212195,False
2024-04-06,14.321342,6.394182,7.097504,5.700982,1.523868,2.444138,7.927161,7.223838,0.210920,False
2024-04-07,16.425767,6.237083,6.574318,5.142243,1.332140,3.105926,10.188683,9.851449,0.205755,False
2024-04-08,15.928938,6.187151,6.342698,5.020631,1.168975,5.717821,9.741787,9.586240,0.188861,False
2024-04-09,14.877304,6.225753,6.373875,5.154757,1.221868,7.844531,8.651551,8.503429,0.191617,False
2024-04-10,14.329267,6.260192,6.439908,5.457589,0.934541,8.561976,8.069075,7.889359,0.146202,False
2024-04-11,12.825470,6.265629,6.314112,5.368816,1.138617,6.579223,6.559840,6.511357,0.174972,False
2024-04-12,12.276613,6.628213,6.123423,5.782862,3.180035,14.959853,5.648399,6.153189,0.354800,False
2024-04-13,14.580007,7.474282,6.573176,7.987917,5.681045,33.189878,7.105725,8.006831,0.415616,False
2024-04-14,14.198795,7.554998,7.712598,8.865148,4.701799,20.563117,6.643797,6.486197,0.346563,False
2024-04-15,13.609398,7.460237,7.575707,8.936434,3.840476,14.096003,6.149161,6.033691,0.300579,False
2024-04-16,13.764313,7.523441,7.491639,9.264490,3.729028,16.677424,6.240873,6.272674,0.286991,False
2024-04-17,13.702242,7.549485,7.772586,9.303802,3.858184,15.178665,6.152757,5.929656,0.293131,False
2024-04-18,13.416987,7.465876,7.786175,8.926144,3.902772,11.983067,5.951112,5.630813,0.304217,False
2024-04-19,13.578521,7.718490,7.412155,10.109712,3.690387,23.128737,5.860030,6.166365,0.267417,False
2024-04-20,14.194850,7.383155,7.976051,9.332986,2.521549,6.631034,6.811695,6.218799,0.212708,False
2024-04-21,14.222473,7.078138,7.352327,8.316575,2.024344,3.908669,7.144335,6.870146,0.195761,False
2024-04-22,13.184101,6.890673,7.117600,7.705749,1.693447,5.706316,6.293428,6.066501,0.180169,False
2024-04-23,11.278098,6.650180,7.088881,6.908482,1.293880,3.023669,4.627918,4.189216,0.157745,False
2024-04-24,10.681517,6.557672,6.860233,6.529740,1.271799,5.773025,4.123844,3.821284,0.163019,False
2024-04-25,9.630970,6.483235,6.639300,6.263518,1.183647,6.077642,3.147735,2.991670,0.158939,False
2024-04-26,8.323875,6.369602,6.634920,5.775008,1.199035,4.210755,1.954273,1.688955,0.171928,False
2024-04-27,8.194510,6.268664,6.553665,5.275274,1.332860,3.934287,1.925846,1.640845,0.201700,False
2024-04-28,8.835902,6.101102,6.481179,4.690517,1.107912,2.129664,2.734800,2.354723,0.191071,False
2024-04-29,8.387422,6.095408,6.405631,4.441473,1.518790,5.304241,2.292014,1.981790,0.254819,False
2024-04-30,9.800647,6.290560,6.526181,4.893476,2.199051,11.685375,3.510087,3.274466,0.310052,False
2024-05-01,10.268187,6.645769,6.867793,6.433266,2.127699,19.752157,3.622419,3.400395,0.248535,False
2024-05-02,8.829679,6.598935,7.448457,6.522293,1.603765,8.925323,2.230744,1.381222,0.197361,False
2024-05-03,8.554998,6.621281,7.150454,6.355470,2.080831,8.631774,1.933718,1.404545,0.246652,False
2024-05-04,8.867047,6.519779,7.243592,5.710667,2.475240,5.258484,2.347268,1.623455,0.302378,False
2024-05-05,9.424171,6.332379,7.043992,5.105643,2.134246,3.763524,3.091792,2.380179,0.294790,False
2024-05-06,8.460342,6.290854,6.632437,4.873828,2.237197,6.593785,2.169489,1.827905,0.314610,False
2024-05-07,7.918185,6.177501,6.433857,4.674965,1.725778,5.327061,1.740685,1.484328,0.269621,False
2024-05-08,8.417767,6.148293,6.267209,4.516422,1.789961,6.057035,2.269473,2.150557,0.283833,False
2024-05-09,7.456737,6.045143,6.165375,4.229501,1.518075,4.212612,1.411594,1.291362,0.264124,False
2024-05-10,8.069131,6.041408,5.993384,4.241520,1.467305,6.364791,2.027723,2.075748,0.257024,False
2024-05-11,8.039422,5.875126,6.051191,3.784940,1.018153,1.753416,2.164296,1.988231,0.211979,False
2024-05-12,8.143645,5.753689,5.644856,3.354806,0.866715,1.557604,2.389956,2.498789,0.205309,False
2024-05-13,8.631718,5.767965,5.544525,3.423166,0.852022,5.082388,2.863753,3.087193,0.199295,False
2024-05-14,8.662501,5.824416,5.661350,3.441159,1.254721,5.716360,2.838085,3.001151,0.267196,False
2024-05-15,9.411321,5.982841,5.702589,3.734872,1.940682,9.099669,3.428480,3.708732,0.341937,False
2024-05-16,9.055069,5.899880,5.906047,3.507536,1.715753,4.215674,3.155189,3.149022,0.328481,False
2024-05-17,8.366213,5.810425,5.759331,3.258340,1.480640,3.475463,2.555788,2.606881,0.312439,False
2024-05-18,8.798600,5.676396,5.736637,2.836550,1.216811,1.329365,3.122203,3.061963,0.300198,False
2024-05-19,9.001596,5.585623,5.589658,2.564566,1.013141,1.991647,3.415973,3.411938,0.283182,False
2024-05-20,10.511133,5.658265,5.546329,2.993549,0.790197,6.799652,4.852869,4.964804,0.208840,False
2024-05-21,9.404899,5.734169,5.719804,3.096710,1.187452,5.843928,3.670730,3.685095,0.277173,False
2024-05-22,8.839014,5.758607,5.713486,3.002512,1.548031,4.902282,3.080407,3.125527,0.340186,False
2024-05-23,7.748253,5.903214,5.640997,3.359875,2.011141,9.049381,1.845039,2.107256,0.374443,False
2024-05-24,7.491080,5.790906,5.788916,3.146940,1.533480,3.461496,1.700174,1.702164,0.327637,False
2024-05-25,7.468176,5.639057,5.571230,2.739570,1.105824,0.962138,1.829118,1.896946,0.287571,False
2024-05-26,7.909350,5.529654,5.343143,2.392378,0.895759,1.140735,2.379697,2.566207,0.272421,False
2024-05-27,7.962433,5.505362,5.251615,2.298036,0.880625,2.903398,2.457071,2.710818,0.277043,False
2024-05-28,8.215500,5.548094,5.277598,2.555933,0.739351,5.213730,2.667406,2.937903,0.224366,False
2024-05-29,7.765747,5.533338,5.293527,2.539613,0.655304,3.285938,2.232408,2.472220,0.205108,False
2024-05-30,7.774501,5.549319,5.208123,2.526318,0.802887,3.714751,2.225182,2.566378,0.241165,False
2024-05-31,7.405370,5.541607,5.238206,2.557675,0.686112,3.638585,1.863764,2.167164,0.211516,False
2024-06-01,7.036883,5.442579,5.263315,2.226586,0.526698,0.467436,1.594304,1.773568,0.191298,False
2024-06-02,7.156800,5.387934,5.072515,2.040432,0.445038,1.347474,1.768866,2.084285,0.179056,False
2024-06-03,7.629241,5.420285,5.048137,2.244367,0.322213,3.962298,2.208956,2.581103,0.125542,False
2024-06-04,7.974253,5.448911,5.166534,2.296095,0.448611,3.398103,2.525343,2.807719,0.163446,False
2024-06-05,8.475574,5.470362,5.128566,2.341172,0.531800,3.477401,3.005212,3.347008,0.185105,False
2024-06-06,7.371224,5.438743,5.109569,2.217946,0.512876,2.102077,1.932482,2.261656,0.187810,False
2024-06-07,6.854796,5.560873,5.023244,2.353999,1.206724,5.620878,1.293923,1.831552,0.338899,False
2024-06-08,6.942782,5.444711,5.210604,2.049275,0.866960,0.411028,1.498071,1.732178,0.297288,False
2024-06-09,7.348504,5.356231,4.960947,1.783997,0.668736,0.562458,1.992273,2.387557,0.272649,False
2024-06-10,7.092533,5.313287,4.922242,1.626976,0.624150,1.418790,1.779246,2.170291,0.277261,False
2024-06-11,7.548493,5.461633,4.919271,2.070984,0.957875,6.725526,2.086860,2.629223,0.316250,False
2024-06-12,7.003599,5.717957,5.158811,2.199540,2.700798,8.501610,1.285642,1.844788,0.551145,False
2024-06-13,6.639981,5.640096,5.279888,2.179701,2.136283,4.571608,0.999885,1.360093,0.494970,False
2024-06-14,6.460476,5.596355,5.198427,2.296577,1.585355,4.836016,0.864121,1.262048,0.408393,False
2024-06-15,6.320222,5.470262,5.226503,1.999287,1.155390,0.586346,0.849959,1.093718,0.366247,False
2024-06-16,6.286055,5.383086,5.046604,1.740480,0.955412,0.805608,0.902969,1.239450,0.354395,False
2024-06-17,6.527167,5.402641,4.975148,1.869511,0.870648,3.899236,1.124527,1.552019,0.317736,False
2024-06-18,6.865763,5.579677,5.043732,2.452257,1.172367,8.315919,1.286086,1.822032,0.323445,False
2024-06-19,6.471123,5.513097,5.289590,2.245948,1.035430,2.207400,0.958026,1.181533,0.315547,False
2024-06-20,6.386187,5.469092,5.022098,2.228598,0.727584,2.866391,0.917096,1.364089,0.246123,False
2024-06-21,6.080417,5.504984,5.070593,2.195217,1.065473,3.796286,0.575433,1.009824,0.326763,False
2024-06-22,5.906150,5.398886,5.141944,1.911047,0.765827,0.346453,0.507264,0.764207,0.286090,False
2024-06-23,6.372967,5.317655,4.949860,1.671820,0.575958,0.709433,1.055312,1.423107,0.256234,False
2024-06-24,7.114854,5.652439,4.864670,2.309233,1.994969,10.732565,1.462414,2.250184,0.463493,False
2024-06-25,6.349204,5.635253,5.397649,2.347554,1.792386,4.971756,0.713951,0.951556,0.432950,False
2024-06-26,6.064938,5.553988,5.239014,2.222933,1.392960,3.002861,0.510950,0.825924,0.385233,False
2024-06-27,6.296558,5.497283,5.158516,2.109948,1.161779,2.792756,0.799275,1.138041,0.355097,False
2024-06-28,5.647014,5.466331,5.177449,2.126516,0.892708,3.262902,0.180683,0.469565,0.295675,False
2024-06-29,5.177098,5.373825,5.236945,1.852360,0.679640,0.781479,-0.196727,-0.059847,0.268420,False
2024-06-30,5.656969,5.351698,4.980346,1.740506,0.713189,2.034230,0.305270,0.676623,0.290659,False
2024-07-01,5.476669,5.361093,4.998483,1.764637,0.741607,3.008632,0.115575,0.478186,0.295904,False
2024-07-02,4.909120,5.342779,5.052928,1.676726,0.760848,2.186232,-0.433659,-0.143808,0.312133,False
2024-07-03,5.637067,5.414957,5.023854,1.832634,1.033022,4.600436,0.222110,0.613213,0.360484,False
2024-07-04,6.189318,5.826517,5.104521,2.804892,2.432898,14.086015,0.362800,1.084797,0.464489,False
2024-07-05,6.572713,6.268789,5.648656,4.387064,2.955897,19.713106,0.303924,0.924057,0.402548,False
2024-07-06,6.367682,6.067912,6.202983,3.994740,2.122481,3.616301,0.299770,0.164700,0.346968,False
2024-07-07,7.123233,5.961353,5.655341,3.834769,1.592453,4.541609,1.161880,1.467892,0.293420,False
2024-07-08,7.134413,6.337070,5.752080,5.698314,1.088083,19.318786,0.797344,1.382334,0.160333,False
2024-07-09,6.863021,6.365594,6.606880,5.662899,1.372844,7.639311,0.497426,0.256140,0.195124,False
2024-07-10,6.495113,6.341609,6.159772,5.508320,1.470077,6.650406,0.153504,0.335341,0.210661,False
2024-07-11,6.455155,6.384417,5.940702,5.529755,1.761226,8.447221,0.070738,0.514453,0.241562,False
2024-07-12,5.878198,6.288403,6.119327,5.237186,1.554714,5.294211,-0.410205,-0.241129,0.228907,False
2024-07-13,6.626500,6.151733,6.043662,4.738137,1.411594,3.260762,0.474767,0.582837,0.229538,False
2024-07-14,6.658877,6.086800,5.759890,4.410121,1.509631,4.442886,0.572077,0.898987,0.255016,False
2024-07-15,8.143645,6.125422,5.793866,4.511425,1.622618,7.605880,2.018223,2.349779,0.264527,False
2024-07-16,8.742795,6.211550,5.973739,4.764671,1.824670,9.249969,2.531244,2.769056,0.276912,False
2024-07-17,9.305639,6.152538,6.026948,4.722383,1.446578,6.151825,3.153102,3.278692,0.234493,False
2024-07-18,8.932630,6.063380,5.943608,4.471233,1.217327,4.305720,2.869250,2.989022,0.213996,False
2024-07-19,10.127781,6.047134,5.906181,4.329056,1.351626,5.419791,4.080647,4.221599,0.237934,False
2024-07-20,10.753486,5.940684,5.979651,3.832021,1.437996,2.615489,4.812802,4.773835,0.272864,False
2024-07-21,11.934247,5.913117,5.813716,3.617546,1.616978,4.640659,6.021130,6.120531,0.308906,False
2024-07-22,12.531005,5.865505,5.855659,3.409451,1.629652,4.341543,6.665500,6.675347,0.323401,False
2024-07-23,11.190378,5.861390,5.841999,3.603300,1.243891,6.325209,5.328988,5.348380,0.256621,False
2024-07-24,10.325293,5.832220,5.964586,3.480672,1.242776,4.424175,4.493073,4.360708,0.263108,False
2024-07-25,10.467058,5.889394,5.906755,3.728802,1.230764,7.138606,4.577664,4.560303,0.248160,False
2024-07-26,9.895918,5.858846,6.080058,3.490615,1.430051,4.106717,4.037072,3.815860,0.290622,False
2024-07-27,8.299730,6.164143,5.883195,3.761467,3.290967,11.968452,2.135588,2.416536,0.466643,False
2024-07-28,7.594582,5.933705,6.181506,3.274547,2.402225,2.219884,1.660877,1.413076,0.423167,False
2024-07-29,7.331487,5.952924,5.785523,3.293135,2.516561,7.105167,1.378564,1.545964,0.433166,False
2024-07-30,7.020231,5.883015,6.008419,3.352119,1.869456,5.818785,1.137216,1.011812,0.358025,False
2024-07-31,6.505789,5.861226,5.829583,3.490947,1.447805,6.100336,0.644563,0.676206,0.293152,False
2024-08-01,6.797359,5.928141,5.851765,3.921913,1.177060,8.248409,0.869218,0.945594,0.230843,False
2024-08-02,7.238247,6.265496,5.889746,4.825223,2.130310,14.803778,0.972751,1.348500,0.306276,False
2024-08-03,7.252336,6.339235,6.331998,4.988464,2.401135,9.751971,0.913101,0.920338,0.324934,False
2024-08-04,8.631718,6.316484,6.234597,5.244244,1.758490,8.880476,2.315233,2.397121,0.251115,False
2024-08-05,10.901607,10.335125,6.294304,15.544022,13.955063,115.821868,0.566482,4.607302,0.473068,False
2024-08-06,10.375813,9.724589,12.324863,14.478739,11.189848,20.717534,0.651224,-1.949051,0.435935,False
2024-08-07,10.154450,9.044686,9.383104,13.546890,7.645744,14.925920,1.109765,0.771347,0.360774,False
2024-08-08,8.842126,9.082062,9.238250,12.359313,10.102906,21.000578,-0.239936,-0.396124,0.449773,False
2024-08-09,8.293700,8.436549,9.720977,11.189344,7.259004,11.056314,-0.142849,-1.427277,0.393477,False
2024-08-10,8.677913,7.813255,9.471824,9.740890,5.095112,3.092086,0.864658,-0.793911,0.343429,False
2024-08-11,8.935759,7.434352,7.705863,8.687147,4.096011,6.518737,1.501407,1.229896,0.320422,False
2024-08-12,9.051919,7.448627,7.670079,9.124592,3.407281,16.287612,1.603292,1.381840,0.271889,False
2024-08-13,8.876401,7.251387,8.120429,8.541218,2.950821,8.401647,1.625014,0.755972,0.256771,False
2024-08-14,8.381359,7.091519,7.723990,8.255365,2.239372,8.870812,1.289840,0.657369,0.213380,False
2024-08-15,8.481670,7.125890,7.733509,8.266825,2.483638,12.102776,1.355780,0.748161,0.231026,False
2024-08-16,7.730779,7.089870,8.028023,7.826292,3.010240,9.630248,0.640909,-0.297243,0.277786,False
2024-08-17,7.903463,6.736101,8.006838,6.813182,2.130854,1.328955,1.167363,-0.103375,0.238243,False
2024-08-18,8.384390,6.515918,7.505671,5.991595,1.932409,3.036011,1.868473,0.878720,0.243868,False
2024-08-19,7.894637,6.418032,7.415127,5.597403,1.897042,5.614737,1.476605,0.479510,0.253126,False
2024-08-20,8.006804,6.392246,7.489469,5.340705,2.166881,6.945727,1.614558,0.517336,0.288626,False
2024-08-21,8.191513,6.323068,7.465612,5.255279,1.789132,6.882587,1.868446,0.725902,0.253979,False
2024-08-22,7.986082,6.205263,7.436797,4.986211,1.371580,4.747716,1.780819,0.549285,0.215732,False
2024-08-23,8.417767,6.290466,7.397463,4.976185,2.047279,8.440700,2.127301,1.020304,0.291491,False
2024-08-24,8.329917,6.101579,7.594930,4.332020,1.766287,2.238273,2.228338,0.734987,0.289636,False
2024-08-25,8.048329,5.936482,7.230908,3.784261,1.492797,1.975777,2.111847,0.817421,0.282884,False
2024-08-26,7.289031,5.886615,7.088975,3.640142,1.371236,4.511930,1.402416,0.200056,0.273625,False
2024-08-27,7.606126,6.098607,7.105607,4.230499,1.928763,11.455896,1.507519,0.500519,0.313148,False
2024-08-28,7.669776,6.168046,6.516230,4.746220,1.522699,10.011083,1.501730,1.153545,0.242897,False
2024-08-29,7.690083,6.140800,6.394292,4.605043,1.570299,5.934583,1.549284,1.295792,0.254285,False
2024-08-30,7.396826,6.104514,6.226088,4.711684,1.095585,6.554707,1.292312,1.170738,0.188658,False
2024-08-31,6.981453,5.925784,6.180760,4.122877,0.791866,1.012887,1.055669,0.800693,0.161120,False
2024-09-01,8.095917,5.943247,5.859543,4.266218,0.664827,6.060535,2.152670,2.236374,0.134825,False
2024-09-02,7.672675,5.926687,5.985730,4.253897,0.559558,4.871420,1.745989,1.686945,0.116249,False
2024-09-03,8.375299,5.888117,5.863780,4.187988,0.382332,4.127079,2.487182,2.511519,0.083655,False
2024-09-04,8.509131,6.048093,5.708617,4.791495,0.514506,9.703320,2.461038,2.800514,0.096967,False
2024-09-05,8.835902,6.129563,5.949997,5.204234,0.389345,8.419811,2.706338,2.885905,0.069606,False
2024-09-06,9.686278,6.475901,5.999583,6.350479,0.968249,15.966398,3.210378,3.686695,0.132297,False
2024-09-07,9.485330,6.312767,6.418536,5.743190,0.818622,2.687804,3.172563,3.066795,0.124755,False
2024-09-08,9.640719,6.231277,5.879730,5.276777,1.041653,3.826833,3.409442,3.760989,0.164859,False
2024-09-09,9.478883,6.289196,5.936194,5.383842,1.293005,8.174246,3.189687,3.542689,0.193655,False
2024-09-10,8.957678,6.217616,6.108264,5.237815,1.007400,5.428915,2.740062,2.849414,0.161308,False
2024-09-11,8.239522,6.313804,5.974540,5.427148,1.403783,9.061045,1.925718,2.264983,0.205504,False
2024-09-12,7.977210,6.271933,6.025578,5.493710,0.959170,6.900509,1.705277,1.951632,0.148642,False
2024-09-13,7.554247,6.203754,6.007750,5.073940,1.199723,4.178706,1.350492,1.546497,0.191232,False
2024-09-14,7.545618,6.049752,5.915240,4.417121,1.211002,1.571477,1.495865,1.630377,0.215170,False
2024-09-15,7.756998,5.919774,5.680479,3.929019,1.099525,2.109923,1.837223,2.076518,0.218657,False
2024-09-16,7.780340,5.889126,5.654129,3.962054,0.802726,5.055747,1.891214,2.126211,0.168471,False
2024-09-17,7.730779,5.924986,5.728337,4.074414,0.874214,6.139887,1.805793,2.002442,0.176658,False
2024-09-18,7.291858,6.102366,5.769310,4.506684,1.453390,10.011994,1.189491,1.522548,0.243854,False
2024-09-19,7.393979,6.086940,5.964150,4.454264,1.430098,6.116320,1.307039,1.429829,0.243034,False
2024-09-20,6.890473,6.037952,5.857729,4.342629,1.255994,5.220803,0.852521,1.032744,0.224340,False
2024-09-21,7.137210,5.875242,5.861905,3.780479,1.027199,1.040811,1.261968,1.275305,0.213658,False
2024-09-22,7.162402,5.776049,5.619630,3.485144,0.801210,2.433092,1.386354,1.542773,0.186921,False
2024-09-23,6.973158,5.801717,5.630644,3.522372,0.931268,5.217320,1.171441,1.342514,0.209103,False
2024-09-24,7.272083,5.766345,5.654752,3.478334,0.738778,4.057993,1.505738,1.617331,0.175186,False
2024-09-25,6.780993,5.723360,5.581444,3.238916,0.844351,2.927310,1.057633,1.199549,0.206783,False
2024-09-26,7.516889,5.732684,5.502649,3.284672,0.832731,4.767226,1.784205,2.014239,0.202247,False
2024-09-27,7.382598,5.673070,5.570581,3.116949,0.679074,2.815314,1.709527,1.812017,0.178891,False
2024-09-28,7.580164,5.568764,5.460515,2.729445,0.581959,0.863197,2.011400,2.119649,0.175744,False
2024-09-29,7.994960,5.480007,5.205399,2.427337,0.448859,0.913013,2.514953,2.789561,0.156060,False
2024-09-30,8.051299,5.539141,5.150394,2.477817,0.812929,4.307261,2.512158,2.900905,0.247035,False
2024-10-01,8.789287,5.686355,5.287569,3.222477,0.588858,8.863871,3.102931,3.501718,0.154502,False
2024-10-02,8.699514,5.810134,5.501493,3.770497,0.543081,8.187229,2.889380,3.198020,0.125900,False
2024-10-03,9.042473,5.902743,5.573033,4.134803,0.592308,7.472961,3.139730,3.469439,0.125300,False
2024-10-04,8.448167,5.865008,5.621514,4.057000,0.443247,4.028554,2.583159,2.826653,0.098494,False
2024-10-05,8.411693,5.740834,5.520596,3.562022,0.389111,0.737752,2.670859,2.891097,0.098481,False
2024-10-06,8.954545,5.651092,5.332376,3.187319,0.380988,1.202375,3.303453,3.622169,0.106770,False
2024-10-07,8.776877,5.698265,5.244565,3.404441,0.348442,5.330889,3.078612,3.532312,0.092846,False
2024-10-08,8.478622,5.716717,5.375087,3.355000,0.581104,4.062367,2.761904,3.103535,0.147634,False
2024-10-09,8.625567,5.695789,5.278804,3.267569,0.579297,3.502620,2.929779,3.346764,0.150589,False
2024-10-10,8.278633,5.719926,5.229915,3.241743,0.812695,4.438291,2.558706,3.048717,0.200446,False
2024-10-11,9.061370,5.681990,5.261322,3.142264,0.701662,3.370675,3.379381,3.800048,0.182538,False
2024-10-12,8.851467,5.591940,5.229569,2.819440,0.596423,1.401331,3.259528,3.621898,0.174604,False
2024-10-13,8.945150,5.522672,5.078062,2.569953,0.517601,1.556973,3.422477,3.867088,0.167641,False
2024-10-14,9.168829,5.581813,5.055039,2.746961,0.650646,4.985176,3.587016,4.113790,0.191501,False
2024-10-15,9.264171,5.749740,5.212816,3.569278,0.444570,9.543949,3.514432,4.051355,0.110759,False
2024-10-16,9.039325,5.807260,5.471817,3.800846,0.465485,6.039915,3.232064,3.567508,0.109107,False
2024-10-17,8.714959,5.783053,5.405466,3.656016,0.543202,3.526342,2.931906,3.309493,0.129358,False
2024-10-18,8.342007,5.741762,5.353432,3.543482,0.430128,3.295684,2.600245,2.988575,0.108246,False
2024-10-19,8.197507,5.626068,5.355525,3.092412,0.361233,0.510248,2.571439,2.841981,0.104595,False
2024-10-20,8.795495,5.542172,5.182488,2.791062,0.264258,1.052052,3.253323,3.613007,0.086491,False
2024-10-21,8.496921,5.542298,5.091294,2.802995,0.243436,3.210771,2.954623,3.405626,0.079909,False
2024-10-22,8.521350,5.569751,5.147418,2.818724,0.426526,3.699011,2.951600,3.373933,0.131431,False
2024-10-23,8.680998,5.576026,5.160890,2.711314,0.671100,3.167841,3.104971,3.520107,0.198409,False
2024-10-24,8.995315,5.557613,5.091444,2.645386,0.649434,3.106746,3.437702,3.903871,0.197108,False
2024-10-25,9.241881,5.642430,5.078963,3.116358,0.443742,6.727397,3.599451,4.162918,0.124643,False
2024-10-26,8.396519,5.558572,5.269326,2.797661,0.378742,1.134193,2.837947,3.127193,0.119236,False
2024-10-27,8.957678,5.484580,5.027486,2.496211,0.358362,0.960486,3.473098,3.930191,0.125540,False
2024-10-28,9.146653,5.500758,4.987697,2.585118,0.320825,3.605445,3.645895,4.158957,0.110403,False
2024-10-29,9.807202,5.602477,5.103974,2.774847,0.759162,5.532070,4.204725,4.703229,0.214816,False
2024-10-30,9.572581,5.600061,5.202711,2.795330,0.703113,3.882799,3.972520,4.369870,0.200979,False
2024-10-31,9.289679,5.623812,5.108062,2.803262,0.871879,4.252026,3.665867,4.181617,0.237237,False
2024-11-01,9.787542,5.740135,5.167935,3.232912,0.984748,7.627332,4.047407,4.619607,0.233482,False
2024-11-02,9.948678,5.618154,5.397369,2.816031,0.804907,0.994012,4.330524,4.551310,0.222292,False
2024-11-03,10.698630,5.621328,5.117839,2.824785,0.813406,4.049375,5.077303,5.580791,0.223574,False
2024-11-04,11.564660,5.642488,5.225008,3.047964,0.569095,5.135749,5.922172,6.339652,0.157336,False
2024-11-05,11.120450,5.728818,5.309474,3.285097,0.802130,6.234675,5.391631,5.810975,0.196253,False
2024-11-06,8.582578,6.196508,5.383558,5.163521,0.980213,19.354121,2.386070,3.199019,0.159547,False
2024-11-07,7.856445,6.145089,6.066994,5.109394,0.682333,5.444543,1.711357,1.789451,0.117812,False
2024-11-08,6.808281,6.076822,5.649171,4.851745,0.626136,3.959055,0.731459,1.159109,0.114303,False
2024-11-09,6.998059,5.953034,5.601482,4.259067,0.753399,1.462118,1.045026,1.396577,0.150305,False
2024-11-10,7.777420,6.156371,5.452824,4.594688,1.709354,10.158723,1.621049,2.324596,0.271152,False
2024-11-11,10.369070,6.367906,5.882954,5.429421,1.817061,13.728189,4.001164,4.486115,0.250751,False
2024-11-12,9.118181,6.794668,6.040938,7.330343,1.638288,22.282966,2.323513,3.077243,0.182669,False
2024-11-13,9.388854,7.164409,6.717732,8.863898,1.690447,21.631251,2.224445,2.671122,0.160166,False
2024-11-14,9.686278,7.286367,7.083805,9.672336,1.155040,16.264141,2.399911,2.602473,0.106678,False
2024-11-15,8.680998,7.289778,7.210393,9.577194,1.355106,11.049297,1.391219,1.470605,0.123954,False
2024-11-16,8.851467,7.012723,7.114939,8.622000,0.961854,3.208221,1.838745,1.736528,0.100362,False
2024-11-17,8.973350,6.836434,6.680988,7.935310,0.855724,4.438520,2.136917,2.292363,0.097341,False
2024-11-18,9.312027,6.892840,6.517880,8.063885,1.056129,10.615175,2.419187,2.794147,0.115803,False
2024-11-19,9.296062,6.877486,6.667141,7.831083,1.362809,8.485810,2.418576,2.628921,0.148230,False
2024-11-20,9.922281,6.788620,6.535871,7.464974,1.345751,6.903091,3.133661,3.386409,0.152740,False
2024-11-21,10.291682,6.731641,6.439988,7.433184,0.964180,8.243308,3.560042,3.851695,0.114819,False
2024-11-22,10.121119,6.623936,6.589401,7.136269,0.675405,5.837123,3.497183,3.531718,0.086461,False
2024-11-23,10.157787,6.421531,6.540110,6.363176,0.525567,1.775375,3.736255,3.617676,0.076294,False
2024-11-24,11.253502,6.322340,6.235710,5.925533,0.559483,3.809837,4.931162,5.017791,0.086273,False
2024-11-25,10.077870,6.404308,6.267975,6.368873,0.382281,9.732623,3.673561,3.809895,0.056624,False
2024-11-26,10.271542,6.568928,6.555209,6.738146,0.978049,11.158277,3.702614,3.716333,0.126753,False
2024-11-27,9.774446,6.486374,6.694283,6.486611,0.800451,5.772253,3.288072,3.080163,0.109846,False
2024-11-28,9.073979,6.384186,6.507055,5.984917,0.928213,4.049151,2.689794,2.566924,0.134268,False
2024-11-29,8.625567,6.246774,6.344708,5.528883,0.700818,3.251929,2.378793,2.280859,0.112496,False
2024-11-30,8.338983,6.084724,6.291249,4.859462,0.673012,1.290268,2.254260,2.047735,0.121648,False
2024-12-01,8.963945,5.954529,6.090973,4.360036,0.580547,1.743352,3.009416,2.872972,0.117506,False
2024-12-02,8.573380,6.005550,5.985498,4.398695,0.903604,6.240249,2.567830,2.587882,0.170417,False
2024-12-03,8.745890,6.000417,6.109610,4.265041,1.108079,5.130506,2.745474,2.636280,0.206226,False
2024-12-04,8.954545,5.988552,6.011045,4.234341,1.072599,5.522405,2.965993,2.943500,0.202112,False
2024-12-05,10.181155,7.352736,5.907532,7.066475,6.426007,40.152614,2.828419,4.273623,0.476266,False
2024-12-06,9.356804,7.005611,7.750625,6.564633,4.664202,8.219682,2.351193,1.606179,0.415377,False
2024-12-07,8.963945,6.628673,6.684055,5.714845,3.307791,2.243261,2.335273,2.279890,0.366610,False
2024-12-08,9.264171,6.334811,6.352422,4.975062,2.391480,2.180762,2.929360,2.911749,0.324641,False
2024-12-09,9.777719,6.420009,6.302704,5.749770,1.634039,12.593744,3.357711,3.475016,0.221300,False
2024-12-10,9.595267,6.531960,6.819095,6.161861,1.745243,11.519304,3.063307,2.776172,0.220718,False
2024-12-11,9.843298,6.408188,6.415722,5.941618,1.192481,5.652957,3.435109,3.427576,0.167152,False
2024-12-12,9.909095,6.344035,6.158755,5.802626,0.951327,6.001833,3.565060,3.750340,0.140855,False
2024-12-13,9.536986,6.214459,6.211900,5.377078,0.728714,3.349216,3.322528,3.325087,0.119348,False
2024-12-14,9.241881,6.070324,6.094617,4.838552,0.600094,1.953705,3.171557,3.147263,0.110339,False
2024-12-15,10.077870,5.987330,5.874116,4.466564,0.639083,2.910359,4.090539,4.203754,0.125172,False
2024-12-16,9.388854,6.027005,5.803704,4.581981,0.734417,6.490787,3.361849,3.585149,0.138142,False
2024-12-17,9.702576,6.015212,5.959320,4.561180,0.681417,5.342915,3.687364,3.743256,0.129977,False
2024-12-18,10.024767,6.199676,5.873461,5.360382,0.645152,11.620322,3.825091,4.151306,0.107426,False
2024-12-19,9.731945,6.461194,6.198309,6.577156,0.440816,15.200807,3.270751,3.533636,0.062812,False
2024-12-20,9.495005,6.815758,6.575386,7.896018,0.767958,18.157599,2.679247,2.919619,0.088638,False
2024-12-21,9.175170,6.674824,6.998445,7.354670,0.669186,4.576479,2.500346,2.176725,0.083400,False
2024-12-22,10.338753,6.583829,6.525188,6.957064,0.693224,5.291987,3.754924,3.813565,0.090614,False
2024-12-23,9.932176,6.662724,6.583723,7.410613,0.473662,10.934405,3.269452,3.348452,0.060077,False
2024-12-24,10.137778,6.597668,6.846100,7.052030,0.626567,5.672251,3.540110,3.291677,0.081599,False
2024-12-25,10.104474,6.481876,6.538233,6.540530,0.667277,4.087808,3.622598,3.566241,0.092577,False
2024-12-26,10.419696,6.458402,6.291260,6.368121,0.801018,6.471198,3.961294,4.128436,0.111731,False
2024-12-27,10.064581,6.442746,6.405048,6.261775,0.874432,6.858508,3.621836,3.659533,0.122535,False
2024-12-28,10.004890,6.247980,6.147639,5.569964,0.635098,1.602933,3.756910,3.857251,0.102352,False
2024-12-29,10.021453,6.105686,5.789701,4.994924,0.587363,1.920304,3.915768,4.231752,0.105219,False
2024-12-30,10.204550,6.164384,5.748497,5.002262,1.026858,6.915046,4.040166,4.456053,0.170316,False
2024-12-31,9.872879,6.130812,5.995989,4.802935,1.131842,5.169667,3.742067,3.876891,0.190713,False
2025-01-01,10.227973,5.992506,5.854964,4.277780,1.023782,2.104801,4.235466,4.373008,0.193110,False
2025-01-02,9.813760,5.968781,5.606672,4.132266,1.106469,4.804393,3.844979,4.207089,0.211209,False
2025-01-03,9.453117,5.862289,5.732563,3.789054,0.911600,2.600615,3.590828,3.720554,0.193931,False
2025-01-04,9.820320,5.725600,5.637133,3.307337,0.736680,0.956668,4.094721,4.183187,0.182165,False
2025-01-05,9.715623,5.621588,5.482551,2.889187,0.697801,1.034967,4.094036,4.233072,0.194537,False
2025-01-06,9.485330,5.647655,5.423035,2.864394,0.944206,4.266987,3.837675,4.062296,0.247914,False
2025-01-07,9.408110,5.708777,5.572619,3.230857,0.746556,6.577506,3.699332,3.835491,0.187699,False
2025-01-08,9.366413,5.866113,5.674812,3.658790,1.178996,8.610223,3.500300,3.691601,0.243706,False
2025-01-09,9.689537,5.974914,5.850873,3.969274,1.451448,8.372513,3.714623,3.838664,0.267759,False
2025-01-10,8.960811,6.247282,5.911533,4.256194,3.028950,11.939255,2.713530,3.049278,0.415771,False
2025-01-11,9.382439,6.010605,6.146542,3.705232,2.209025,1.053577,3.371835,3.235897,0.373508,False
2025-01-12,9.722150,5.819728,5.586438,3.225592,1.612224,1.357875,3.902422,4.135713,0.333255,False
2025-01-13,10.278253,6.049848,5.500263,4.433910,1.181076,13.847252,4.228406,4.777990,0.210344,False
2025-01-14,10.151115,6.106122,6.066428,4.325014,1.814132,6.753759,4.044993,4.084687,0.295502,False
2025-01-15,10.271542,6.076575,5.768548,4.114683,1.970273,5.647737,4.194968,4.502994,0.323794,False
2025-01-16,10.722613,6.045965,5.648515,4.102296,1.756726,6.324702,4.676647,5.074098,0.299833,False
2025-01-17,10.939661,5.989068,5.760002,4.024257,1.460243,5.307298,4.950593,5.179659,0.266249,False
2025-01-18,11.589593,5.958233,5.767096,3.854345,1.532631,4.959664,5.631360,5.822498,0.284507,False
2025-01-19,11.941481,6.203442,5.622361,5.156134,1.047208,14.957902,5.738039,6.319119,0.168814,False
2025-01-20,10.898150,7.609921,6.184996,11.279984,0.715531,53.178552,3.288229,4.713154,0.059650,False
2025-01-21,10.504346,7.726823,8.549298,11.897976,0.488905,16.542896,2.777523,1.955048,0.039470,False
2025-01-22,10.207895,7.519549,7.526995,10.989934,0.547946,5.717328,2.688346,2.680900,0.047491,False
2025-01-23,9.889333,8.396372,7.170665,10.947299,7.391041,27.435654,1.492961,2.718668,0.403038,False
2025-01-24,9.017307,7.844197,8.421617,9.550727,5.681127,6.683790,1.173110,0.595690,0.372977,False
2025-01-25,8.916993,7.355314,7.627183,8.314391,4.166919,1.594562,1.561679,1.289810,0.333853,False
2025-01-26,8.820350,6.941891,6.770699,7.238097,2.942666,2.042560,1.878458,2.049650,0.289042,False
2025-01-27,9.553158,7.036771,6.605501,8.149303,2.010650,16.287831,2.516387,2.947656,0.197900,False
2025-01-28,8.653260,6.903762,7.359487,7.598321,1.990625,6.708484,1.749498,1.293773,0.207596,False
2025-01-29,8.637870,6.787162,6.785147,7.399775,1.453575,7.643077,1.850707,1.852723,0.164184,False
2025-01-30,8.179533,6.592218,6.838661,6.700664,1.226194,3.536938,1.587315,1.340872,0.154689,False
2025-01-31,7.789102,6.443951,6.680739,6.191409,1.012240,4.012151,1.345151,1.108364,0.140518,False
2025-02-01,7.921131,6.261753,6.684500,5.531735,0.811181,2.066473,1.659378,1.236632,0.127888,False
2025-02-02,8.913867,6.385298,6.346127,6.118331,0.693147,10.942093,2.528570,2.567740,0.101762,False
2025-02-03,8.882640,7.066479,6.788469,9.116464,0.473610,29.752590,1.816161,2.094171,0.049385,False
2025-02-04,7.997920,7.212051,7.962964,9.294530,1.271603,13.031485,0.785869,0.034956,0.120347,False
2025-02-05,8.146633,7.045345,7.514076,8.810749,0.868854,6.426161,1.101288,0.632557,0.089761,False
2025-02-06,7.962433,6.914840,7.319205,8.410068,0.593667,6.309144,1.047593,0.643228,0.065936,False
2025-02-07,8.039422,6.897263,7.376575,8.129277,0.970835,7.967682,1.142158,0.662846,0.106684,False
2025-02-08,7.838850,6.639189,7.408140,7.140446,0.785463,1.439314,1.199660,0.430710,0.099101,False
2025-02-09,8.051299,6.464139,6.782608,6.413123,0.763102,2.587766,1.587160,1.268691,0.106337,False
2025-02-10,7.522630,6.358279,6.664012,6.000441,0.699973,4.163930,1.164351,0.858618,0.104467,False
2025-02-11,8.057241,6.236252,6.593398,5.543221,0.593446,3.215878,1.820989,1.463843,0.096705,False
2025-02-12,7.263617,6.344166,6.084067,5.350721,1.777622,7.668867,0.919451,1.179550,0.249374,False
2025-02-13,7.339993,6.178028,6.153334,4.957098,1.214605,3.524576,1.161966,1.186659,0.196802,False
2025-02-14,7.294685,6.058167,6.021170,4.598762,0.944207,3.286018,1.236518,1.273515,0.170343,False
2025-02-15,7.017458,5.884802,5.811139,4.003455,0.693755,0.684928,1.132656,1.206319,0.147695,False
2025-02-16,7.081385,5.755056,5.625094,3.501945,0.608559,0.917761,1.326329,1.456292,0.148050,False
2025-02-17,7.331487,5.671056,5.596970,3.202966,0.506448,1.819986,1.660431,1.734517,0.136531,False
2025-02-18,7.320154,5.683790,5.548987,3.178708,0.649000,4.069747,1.636364,1.771166,0.169553,False
2025-02-19,6.618418,5.628243,5.525487,2.992504,0.560473,2.457263,0.990174,1.092931,0.157747,False
2025-02-20,6.594202,5.562703,5.422886,2.763926,0.472221,1.818336,1.031499,1.171315,0.145921,False
2025-02-21,6.500450,5.627417,5.365181,2.955359,0.621934,5.264936,0.873032,1.135269,0.173856,False
2025-02-22,6.471123,5.523241,5.553884,2.573510,0.515493,0.642150,0.947882,0.917239,0.166880,False
2025-02-23,6.436550,5.437204,5.352506,2.248382,0.445419,0.631943,0.999347,1.084044,0.165350,False
2025-02-24,6.070096,5.528572,5.294609,2.683369,0.355999,6.033753,0.541523,0.775486,0.117129,False
2025-02-25,6.468461,6.088952,5.481403,5.112656,0.243245,21.692916,0.379509,0.987057,0.045416,False
2025-02-26,7.210110,6.518720,6.201294,6.615210,0.815168,18.403012,0.691390,1.008815,0.109707,False
2025-02-27,7.317322,6.610633,6.308893,7.098316,0.642069,11.103081,0.706689,1.008429,0.082951,False
2025-02-28,7.059117,7.241375,6.239612,9.594069,0.950828,28.013799,-0.182258,0.819504,0.090169,False
2025-03-01,7.371224,7.013659,7.360345,8.774519,0.690541,4.008215,0.357566,0.010880,0.072957,False
2025-03-02,8.429920,7.247397,6.486536,9.881799,0.471830,17.800115,1.182524,1.943385,0.045571,False
2025-03-03,9.692796,7.716805,7.045487,11.946831,0.322389,26.156612,1.975991,2.647309,0.026276,False
2025-03-04,10.555301,8.330349,7.635926,14.276686,0.801416,31.523639,2.224952,2.919376,0.053151,False
2025-03-05,9.089753,8.298327,8.324148,14.280390,0.547588,14.852887,0.791426,0.765606,0.036929,False
2025-03-06,9.912390,8.299177,7.689184,13.978182,1.106042,14.030696,1.613213,2.223206,0.073324,False
2025-03-07,8.084007,9.068746,7.848187,15.962828,3.419334,36.291245,-0.984740,0.235819,0.176417,False
2025-03-08,7.597467,8.492109,9.130318,14.000488,2.553898,3.648557,-0.894642,-1.532851,0.154273,False
2025-03-09,9.569342,8.234256,7.733709,13.014068,2.365829,9.576481,1.335086,1.835633,0.153826,False
2025-03-10,9.722150,8.386598,7.724756,14.068004,1.616512,22.772255,1.335553,1.997395,0.103064,False
2025-03-11,9.830164,8.533707,8.466207,14.969881,1.104522,22.139550,1.296457,1.363958,0.068713,False
2025-03-12,8.867047,8.385231,8.728576,14.129493,1.493678,10.959859,0.481815,0.138471,0.095607,False
2025-03-13,8.414730,8.097266,8.078661,13.171918,1.020593,7.752795,0.317464,0.336069,0.071911,False
2025-03-14,7.774501,7.856767,8.070117,11.996560,1.311465,6.225038,-0.082266,-0.295616,0.098547,False
2025-03-15,7.830059,7.448587,8.013036,10.443612,0.998136,1.098382,0.381473,-0.182977,0.087236,False
2025-03-16,8.369241,7.310079,7.519278,9.528704,1.600297,6.204347,1.059161,0.849963,0.143795,False
2025-03-17,7.655287,7.089044,7.532111,8.700250,1.407816,4.957134,0.566243,0.123175,0.139277,False
2025-03-18,7.408219,6.881430,7.449101,8.039073,1.013403,4.674890,0.526789,-0.040882,0.111948,False
2025-03-19,7.994960,6.772442,7.387368,7.663728,0.857964,6.218865,1.222518,0.607592,0.100680,False
2025-03-20,6.580767,6.643641,7.304294,7.218601,0.677079,5.023705,-0.062873,-0.723527,0.085753,False
2025-03-21,6.197133,6.475733,7.198277,6.561127,0.582266,2.881861,-0.278600,-1.001144,0.081511,False
2025-03-22,6.545902,6.263492,7.010402,5.711793,0.495772,0.476916,0.282410,-0.464500,0.079866,False
2025-03-23,6.223221,6.097180,6.629619,5.034406,0.449638,1.076903,0.126040,-0.406398,0.081990,False
2025-03-24,6.134746,6.033273,6.577198,4.774396,0.431391,3.623272,0.101473,-0.442452,0.082868,False
2025-03-25,6.049480,5.978611,6.505494,4.530031,0.455902,3.558087,0.070869,-0.456015,0.091438,False
2025-03-26,6.121789,5.912003,6.286559,4.306571,0.350069,3.205441,0.209786,-0.164770,0.075176,False
2025-03-27,5.952033,5.852569,6.031321,4.035996,0.385634,2.797849,0.099464,-0.079288,0.087215,False
2025-03-28,6.830150,5.819485,5.942535,3.938534,0.308352,3.651447,1.010666,0.887615,0.072607,False
2025-03-29,7.606126,5.763607,5.914414,3.755935,0.210689,2.738638,1.842519,1.691712,0.053115,False
2025-03-30,7.909350,5.727238,5.578638,3.531538,0.339878,2.624362,2.182113,2.330712,0.087792,False
2025-03-31,7.131618,5.821606,5.553591,3.839347,0.505856,6.781180,1.310012,1.578026,0.116417,False
2025-04-01,6.726582,5.813009,5.716698,3.851516,0.417307,4.446503,0.913573,1.009884,0.097757,False
2025-04-02,7.583047,6.113505,5.499057,4.979977,0.674990,13.765284,1.469542,2.083989,0.119362,False
2025-04-03,7.591698,6.164856,5.873754,5.091583,0.867376,7.252727,1.426842,1.717944,0.145558,False
2025-04-04,8.387422,6.293830,5.679979,5.786915,0.592656,11.055695,2.093592,2.707443,0.092899,False
2025-04-05,8.932630,6.146152,5.947988,5.135996,0.641957,1.717481,2.786478,2.984642,0.111105,False
2025-04-06,9.728680,6.292115,5.526153,5.864010,0.438633,11.198560,3.436565,4.202526,0.069595,False
2025-04-07,7.635025,7.274325,6.023817,9.843673,0.749229,37.957417,0.360699,1.611208,0.070729,False
2025-04-08,8.851467,7.334526,7.524017,9.776896,1.335662,11.765141,1.516941,1.327450,0.120194,False
2025-04-09,7.707511,7.751178,6.755904,11.495827,1.411234,25.133751,-0.043667,0.951607,0.109338,False
2025-04-10,7.859380,7.605948,7.571644,11.110580,0.994241,9.554119,0.253432,0.287736,0.082136,False
2025-04-11,8.637870,7.485365,7.175977,10.447027,1.275667,8.057812,1.152505,1.461893,0.108820,False
2025-04-12,9.042473,7.208738,7.110721,9.351125,1.142682,3.486341,1.833735,1.931752,0.108891,False
2025-04-13,8.680998,7.081876,6.509906,8.719346,1.317635,6.506259,1.599122,2.171091,0.131278,False
2025-04-14,7.786181,6.992925,6.595990,8.110473,1.743263,6.886417,0.793256,1.190191,0.176914,False
2025-04-15,6.956581,6.781495,6.420726,7.281406,1.626013,3.913539,0.175086,0.535856,0.182546,False
2025-04-16,6.734730,6.612588,6.248767,6.792854,1.215003,4.861408,0.122142,0.485963,0.151726,False
2025-04-17,6.420625,6.419123,6.250397,6.029601,1.116174,2.395367,0.001502,0.170228,0.156201,False
2025-04-18,6.026329,6.197850,6.145547,5.249073,0.834332,0.636023,-0.171521,-0.119218,0.137149,False
2025-04-19,6.388833,6.015157,5.990229,4.569583,0.665646,0.755929,0.373676,0.398604,0.127147,False
2025-04-20,6.365041,5.875740,5.888710,3.979935,0.666792,0.964817,0.489301,0.476331,0.143497,False
2025-04-21,6.621111,5.898768,5.841668,3.830565,1.117248,4.828183,0.722343,0.779443,0.225806,False
2025-04-22,7.606126,6.073389,5.991287,3.980540,2.190670,9.088639,1.532737,1.614840,0.354982,False
2025-04-23,6.691333,6.032794,6.243325,3.927684,1.973981,6.184343,0.658539,0.448007,0.334479,False
2025-04-24,6.041758,5.894635,6.232840,3.572343,1.556934,3.017999,0.147122,-0.191083,0.303539,False
2025-04-25,5.911240,5.810475,6.061321,3.402967,1.216901,3.685549,0.100765,-0.150081,0.263406,False
2025-04-26,6.160702,5.685517,6.088362,2.962455,1.057253,1.250761,0.475185,0.072341,0.263017,False
2025-04-27,6.343930,5.585789,5.873388,2.620309,0.912627,1.486410,0.758140,0.470542,0.258320,False
2025-04-28,6.064938,5.548767,5.779808,2.521808,0.806863,2.911379,0.516171,0.285130,0.242398,False
2025-04-29,5.840189,5.513677,5.712755,2.414984,0.731204,2.668384,0.326512,0.127434,0.232409,False
2025-04-30,5.565219,5.493617,5.391481,2.343163,0.707593,2.845911,0.071602,0.173738,0.231940,False
2025-05-01,5.825019,5.458917,5.308532,2.236078,0.635423,2.354561,0.366102,0.516487,0.221286,False
2025-05-02,5.435100,5.432557,5.107232,2.069036,0.737094,2.087898,0.002543,0.327868,0.262673,False
2025-05-03,5.523315,5.349764,5.040816,1.801200,0.587420,0.611930,0.173551,0.482499,0.245925,False
2025-05-04,5.885815,5.304672,4.895656,1.640346,0.533268,1.268267,0.581143,0.990159,0.245337,False
2025-05-05,5.547945,5.300346,4.880154,1.624194,0.529383,2.265644,0.247599,0.667791,0.245816,False
2025-05-06,5.964810,5.304847,4.869253,1.592607,0.621797,2.349816,0.659963,1.095556,0.280797,False
2025-05-07,5.498740,5.315523,4.832385,1.601372,0.688167,2.700631,0.183216,0.666354,0.300570,False
2025-05-08,5.767053,5.432100,4.841682,1.834923,1.161108,5.490676,0.334953,0.925371,0.387549,False
2025-05-09,5.741941,5.424566,5.005514,1.936112,0.918187,3.701749,0.317375,0.736426,0.321686,False
2025-05-10,6.085581,5.375667,4.988234,1.776467,0.832446,1.809554,0.709914,1.097346,0.319078,False
2025-05-11,6.085581,5.384203,4.928463,1.749477,0.947596,3.022184,0.701378,1.157118,0.351342,False
2025-05-12,5.656969,5.478494,4.998128,2.100259,1.034502,6.011393,0.178475,0.658841,0.330010,False
2025-05-13,5.724395,5.473061,5.186786,2.082183,1.025595,3.412510,0.251334,0.537609,0.330009,False
2025-05-14,5.496285,5.436363,5.059219,1.903454,1.068850,2.262621,0.059922,0.437066,0.359603,False
2025-05-15,5.200945,5.436167,4.941781,1.918313,1.040199,3.472876,-0.235222,0.259164,0.351595,False
2025-05-16,4.976615,5.389492,4.980829,1.753748,0.980605,1.988556,-0.412877,-0.004214,0.358624,False
2025-05-17,5.096430,5.320955,4.908047,1.542741,0.837144,1.184370,-0.224525,0.188383,0.351758,False
2025-05-18,5.530698,5.347543,4.795758,1.505511,1.110280,3.085310,0.183156,0.734941,0.424453,False
2025-05-19,5.308933,5.420933,4.871864,1.627847,1.453115,4.832483,-0.112000,0.437069,0.471643,False
2025-05-20,6.129562,5.413256,4.993909,1.723133,1.219872,3.887391,0.716305,1.135653,0.414499,False
2025-05-21,6.613033,5.570955,4.975873,2.184557,1.593948,7.898601,1.042078,1.637160,0.421846,False
2025-05-22,6.578082,5.592471,5.234767,2.323419,1.506371,5.321688,0.985611,1.343315,0.393330,False
2025-05-23,6.228445,5.651099,5.223341,2.662002,1.340393,6.695475,0.577346,1.005104,0.334898,False
2025-05-24,6.189318,5.579188,5.355063,2.461564,1.151600,2.580495,0.610129,0.834255,0.318723,False
2025-05-25,6.567347,5.539761,5.190575,2.366574,1.020867,3.061594,1.027586,1.376771,0.301368,False
2025-05-26,6.085581,5.483536,5.217463,2.234810,0.827684,2.350439,0.602045,0.868117,0.270265,False
2025-05-27,5.837659,5.514683,5.130204,2.312675,0.925809,4.243958,0.322976,0.707455,0.285877,False
2025-05-28,5.607281,5.473986,5.197489,2.149010,0.910689,2.330989,0.133295,0.409792,0.297640,False
2025-05-29,5.452198,5.499641,5.075418,2.168741,1.072605,3.976341,-0.047444,0.376780,0.330913,False
2025-05-30,5.234422,5.519610,5.160547,2.288330,1.008280,4.469160,-0.285188,0.073876,0.305854,False
2025-05-31,5.767053,5.462537,5.186731,2.058252,0.988098,1.899173,0.304517,0.580323,0.324355,False
2025-06-01,5.580046,5.390050,5.078062,1.821622,0.860959,1.339746,0.189996,0.501985,0.320944,False
2025-06-02,5.058687,5.355579,5.016991,1.761692,0.704436,2.218459,-0.296891,0.041697,0.285644,False
2025-06-03,5.025778,5.324112,5.038240,1.652026,0.661927,1.817985,-0.298334,-0.012462,0.286059,False
2025-06-04,4.874390,5.282716,4.959767,1.500014,0.620141,1.322368,-0.408326,-0.085377,0.292498,False
2025-06-05,5.009363,5.374418,4.883516,1.724454,0.917797,4.812388,-0.365055,0.125847,0.347354,False
2025-06-06,4.500496,5.347493,5.062098,1.590342,0.954977,2.081904,-0.846998,-0.561602,0.375189,False
2025-06-07,4.830576,5.280942,4.967219,1.384474,0.817459,0.873944,-0.450367,-0.136644,0.371246,False
2025-06-08,4.953289,5.219324,4.898978,1.205254,0.669330,0.692630,-0.266035,0.054311,0.357055,False
2025-06-09,4.974280,5.239449,4.873807,1.236844,0.766919,2.630235,-0.265169,0.100473,0.382739,False
2025-06-10,4.950959,5.237463,4.952548,1.254248,0.719809,2.352953,-0.286504,-0.001589,0.364634,False
2025-06-11,4.594253,5.239812,4.889285,1.219874,0.800706,2.202506,-0.645558,-0.295032,0.396275,False
2025-06-12,4.333296,5.268962,4.871043,1.246969,0.976139,2.979113,-0.935667,-0.537748,0.439087,False
2025-06-13,4.542790,5.397358,4.881895,1.578559,1.361233,6.098249,-0.854568,-0.339105,0.463037,False
2025-06-14,4.605479,5.307780,5.065055,1.374215,1.043259,1.094756,-0.702300,-0.459575,0.431549,False
2025-06-15,4.906801,5.252812,4.826606,1.196324,0.944016,1.136863,-0.346011,0.080195,0.441059,False
2025-06-16,4.770939,5.260327,4.799490,1.279639,0.849850,2.963722,-0.489388,-0.028551,0.399086,False
2025-06-17,4.745820,5.296852,4.870447,1.381704,0.945268,3.500955,-0.551032,-0.124627,0.406222,False
2025-06-18,4.315880,5.329607,4.905524,1.529493,0.928100,3.828922,-1.013728,-0.589644,0.377646,False
2025-06-19,4.429710,5.274222,4.883286,1.363865,0.803242,1.279400,-0.844512,-0.453576,0.370652,False
2025-06-20,4.531641,5.278703,4.790201,1.443348,0.692661,2.862890,-0.747062,-0.258560,0.324278,False
2025-06-21,4.607726,5.325555,4.856674,1.379750,1.170296,3.054534,-0.717828,-0.248948,0.458931,False
2025-06-22,4.775514,5.441776,4.851986,2.008806,0.918215,7.316029,-0.666262,-0.076472,0.313703,False
2025-06-23,4.352930,5.529211,5.093554,2.359749,0.951929,6.105810,-1.176280,-0.740624,0.287446,False
2025-06-24,4.177815,5.499559,5.124057,2.247317,0.928475,2.791545,-1.321744,-0.946242,0.292360,False
2025-06-25,4.039890,5.461930,5.036665,2.077665,0.947966,2.304076,-1.422040,-0.996775,0.313312,False
2025-06-26,4.008390,5.418979,5.017095,1.894458,0.951148,2.019331,-1.410588,-1.008705,0.334251,False
2025-06-27,3.977014,5.368592,4.999994,1.702337,0.913236,1.675750,-1.391578,-1.022980,0.349153,False
2025-06-28,3.896011,5.286382,4.887095,1.481971,0.681379,0.198498,-1.390371,-0.991083,0.314965,False
2025-06-29,4.240098,5.233098,4.743275,1.290130,0.620601,0.652648,-0.993000,-0.503178,0.324798,False
2025-06-30,3.902213,5.205791,4.728710,1.186559,0.599059,1.323162,-1.303579,-0.826498,0.335491,False
2025-07-01,3.875376,5.189420,4.744078,1.132788,0.570942,1.558274,-1.314045,-0.868702,0.335113,True
2025-07-02,4.296329,5.193144,4.736631,1.075299,0.704659,1.814020,-0.896815,-0.440302,0.395885,True
2025-07-03,4.184237,5.185930,4.742388,1.082439,0.635961,1.973018,-1.001693,-0.558151,0.370089,True
2025-07-04,4.212121,5.155106,4.768999,0.993469,0.560612,1.124373,-0.942985,-0.556878,0.360736,True
2025-07-05,4.069402,5.110823,4.730233,0.864865,0.453806,0.285806,-1.041421,-0.660831,0.344139,True
2025-07-06,4.162850,5.101124,4.637454,0.789116,0.517309,1.074166,-0.938274,-0.474603,0.395973,True
2025-07-07,4.105381,5.102030,4.657624,0.749789,0.596112,1.405948,-0.996648,-0.552243,0.442909,True
2025-07-08,3.908419,5.086610,4.665865,0.701760,0.564851,1.154311,-1.178191,-0.757446,0.445955,True
2025-07-09,4.118118,5.103193,4.630811,0.754052,0.597304,1.985688,-0.985076,-0.512693,0.442003,True
2025-07-10,4.086313,5.219165,4.656988,1.149181,0.770509,5.061591,-1.132852,-0.570674,0.401372,True
2025-07-11,3.943681,5.258267,4.834424,1.315887,0.767761,3.527455,-1.314586,-0.890743,0.368470,True
2025-07-12,3.997918,5.204960,4.834260,1.149273,0.660739,0.871609,-1.207042,-0.836342,0.365047,True
2025-07-13,4.218569,5.172950,4.719947,1.068637,0.561017,1.233892,-0.954381,-0.501379,0.344255,True
2025-07-14,4.305013,5.250296,4.717339,1.272809,0.784930,3.967898,-0.945284,-0.412327,0.381453,True
2025-07-15,4.368233,5.368083,4.806582,1.670762,0.966977,5.889941,-0.999851,-0.438350,0.366593,True
2025-07-16,4.182096,5.365934,4.880609,1.739839,0.824246,3.247337,-1.183839,-0.698514,0.321458,True
2025-07-17,4.268167,5.385190,4.791464,1.876096,0.723975,3.731443,-1.117023,-0.523297,0.278444,True
2025-07-18,4.082082,5.401176,4.857774,1.952824,0.707198,3.460248,-1.319094,-0.775692,0.265862,True
2025-07-19,4.135130,5.326812,4.890339,1.744497,0.513883,0.898399,-1.191682,-0.755208,0.227545,True
2025-07-20,4.216419,5.311015,4.756626,1.660700,0.545033,1.901531,-1.094596,-0.540207,0.247098,True
2025-07-21,4.227174,5.325931,4.753251,1.721563,0.548972,2.915972,-1.098757,-0.526077,0.241781,True
2025-07-22,4.357300,5.392359,4.803039,1.957835,0.630017,4.517715,-1.035059,-0.445740,0.243452,True
2025-07-23,4.291990,5.392099,4.895483,1.954137,0.634762,2.837247,-1.100108,-0.603493,0.245186,True
2025-07-24,4.431913,5.390303,4.841616,1.948202,0.631747,2.804877,-0.958390,-0.409703,0.244868,True
2025-07-25,4.396722,5.448068,4.874144,2.192538,0.631226,4.733836,-1.051346,-0.477421,0.223541,True
2025-07-26,4.156445,5.360855,5.000663,1.911241,0.472033,0.546020,-1.204409,-0.844218,0.198061,True
2025-07-27,4.246567,5.310856,4.822804,1.715735,0.443298,1.005769,-1.064289,-0.576237,0.205323,True
2025-07-28,4.012583,5.305661,4.798679,1.729715,0.377691,2.301453,-1.293078,-0.786096,0.179221,True
2025-07-29,3.390774,5.314886,4.846255,1.739072,0.431779,2.466096,-1.924112,-1.455482,0.198898,True
2025-07-30,3.576375,5.314792,4.856660,1.783544,0.349832,2.505758,-1.738416,-1.280285,0.163981,True
2025-07-31,3.696145,5.312811,4.840644,1.804409,0.296445,2.317954,-1.616666,-1.144499,0.141107,True
2025-08-01,4.044100,5.469662,4.860391,2.262208,0.670603,6.637494,-1.425562,-0.816291,0.228655,True
2025-08-02,3.887750,5.433000,5.094136,2.124148,0.639860,2.078493,-1.545249,-1.206385,0.231497,True
2025-08-03,3.962413,5.368191,4.924212,1.930009,0.494362,1.195226,-1.405777,-0.961798,0.203914,True
2025-08-04,3.728417,5.342185,4.880499,1.821516,0.491846,1.789787,-1.613769,-1.152082,0.212611,True
2025-08-05,3.552658,5.341642,4.896112,1.863462,0.411050,2.656882,-1.788984,-1.343454,0.180720,True
2025-08-06,3.333190,5.319818,4.918444,1.842549,0.280860,1.982769,-1.986628,-1.585254,0.132269,True
2025-08-07,3.483933,5.316890,4.800524,1.789354,0.355409,2.005697,-1.832956,-1.316591,0.165710,True
2025-08-08,3.242082,5.283543,4.789493,1.710107,0.242842,1.420014,-2.041461,-1.547411,0.124346,True
2025-08-09,3.369602,5.244043,4.752404,1.552857,0.225246,0.799924,-1.874440,-1.382802,0.126678,True
2025-08-10,3.439137,5.235899,4.695197,1.535523,0.194067,1.666727,-1.796762,-1.256060,0.112204,True
2025-08-11,3.662010,5.308503,4.718293,1.781255,0.305489,3.970520,-1.646493,-1.056283,0.146395,True
2025-08-12,3.738530,5.334073,4.840397,1.852410,0.372839,2.923245,-1.595543,-1.101866,0.167549,True
2025-08-13,4.167123,5.369741,4.817020,2.067764,0.254752,3.770777,-1.202618,-0.649897,0.109688,True
2025-08-14,3.740555,5.557107,4.869962,2.362000,1.163052,6.826465,-1.816552,-1.129407,0.329939,True
2025-08-15,3.427498,5.507633,5.087186,2.275214,0.939823,2.825505,-2.080135,-1.659687,0.292321,True
2025-08-16,3.429437,5.405163,4.967091,1.980689,0.687074,0.672857,-1.975726,-1.537654,0.257547,True
2025-08-17,3.517230,5.325165,4.815541,1.742764,0.504342,0.693705,-1.807935,-1.298311,0.224441,True
2025-08-18,3.548713,5.333177,4.788346,1.736545,0.577519,2.583742,-1.784465,-1.239633,0.249569,True
2025-08-19,3.929142,5.352479,4.850582,1.815979,0.581382,3.181352,-1.423337,-0.921440,0.242509,True
2025-08-20,3.554631,5.352013,4.830778,1.909443,0.407103,2.958278,-1.797382,-1.276147,0.175737,True
2025-08-21,3.801541,5.342684,4.829267,1.895458,0.360657,2.272398,-1.541143,-1.027726,0.159858,True
2025-08-22,3.266633,5.439919,4.824951,1.992610,0.933466,4.498263,-2.173286,-1.558318,0.319016,True
2025-08-23,3.350413,5.347228,4.969177,1.734668,0.689357,0.745445,-1.996814,-1.618764,0.284385,True
2025-08-24,3.369602,5.440276,4.766557,2.247342,0.471020,6.166112,-2.070673,-1.396955,0.173274,True
2025-08-25,3.941602,5.502696,5.024878,2.534932,0.427426,5.037623,-1.561093,-1.083275,0.144286,True
2025-08-26,3.734483,5.537669,5.047487,2.734784,0.332286,4.464892,-1.803185,-1.313004,0.108340,True
2025-08-27,3.937447,5.584153,5.080188,2.830270,0.516563,4.376181,-1.646706,-1.142742,0.154344,True
2025-08-28,3.740555,5.538726,5.090616,2.692831,0.417064,2.271354,-1.798172,-1.350061,0.134109,True
2025-08-29,4.162850,5.624885,5.041861,2.725156,1.022799,4.952107,-1.462034,-0.879011,0.272895,True
2025-08-30,4.135130,5.514547,5.142474,2.372386,0.815714,0.803527,-1.379417,-1.007344,0.255862,True
2025-08-31,4.300670,5.420531,4.941203,2.099399,0.588855,0.894536,-1.119861,-0.640533,0.219047,True
2025-09-01,4.274658,5.423756,4.898363,2.095153,0.621493,2.981176,-1.149099,-0.623706,0.228772,True
2025-09-02,4.124493,5.446341,4.962229,2.204836,0.595439,3.766309,-1.321847,-0.837736,0.212636,True
2025-09-03,4.135130,5.411329,5.006597,2.095506,0.524968,2.043196,-1.276199,-0.871467,0.200333,True
2025-09-04,4.056741,5.377479,4.902484,2.025107,0.392356,1.989044,-1.320738,-0.845743,0.162301,True
2025-09-05,3.850685,5.429002,4.900598,2.242293,0.393260,4.263542,-1.578317,-1.049913,0.149214,True
2025-09-06,3.906350,5.348756,4.999306,1.955326,0.298172,0.363050,-1.442406,-1.092957,0.132315,True
2025-09-07,3.935370,5.287274,4.811456,1.717225,0.258628,0.448031,-1.351904,-0.876086,0.130894,True
2025-09-08,3.766922,5.270173,4.768920,1.602711,0.335815,1.381196,-1.503251,-1.001999,0.173232,True
2025-09-09,3.824026,5.251926,4.797853,1.583861,0.229454,1.686552,-1.427900,-0.973827,0.126538,True
2025-09-10,3.740555,5.272471,4.796387,1.516906,0.510247,2.049604,-1.531917,-1.055833,0.251706,True
2025-09-11,3.406213,5.250504,4.769798,1.464411,0.436625,1.665678,-1.844292,-1.363585,0.229677,True
2025-09-12,3.291276,5.222229,4.762557,1.382711,0.367665,1.293664,-1.930953,-1.471281,0.210049,True
2025-09-13,3.219502,5.174428,4.752480,1.208269,0.317425,0.441117,-1.954926,-1.532977,0.208053,True
2025-09-14,3.243967,5.140396,4.675845,1.070548,0.306353,0.570370,-1.896428,-1.431877,0.222494,True
2025-09-15,3.464421,5.140193,4.664076,1.088196,0.272562,1.564014,-1.675772,-1.199655,0.200301,True
2025-09-16,3.654001,5.137049,4.651128,1.060429,0.299012,1.323539,-1.483048,-0.997127,0.219952,True
2025-09-17,3.462473,5.164307,4.606042,1.227448,0.204307,2.554961,-1.701834,-1.143569,0.142697,True
2025-09-18,3.131825,5.162161,4.647549,1.181012,0.272556,1.319104,-2.030337,-1.515724,0.187508,True
2025-09-19,3.314105,5.136835,4.590484,1.083904,0.254491,0.776629,-1.822730,-1.276379,0.190147,True
2025-09-20,3.257179,5.097871,4.561754,0.943593,0.210100,0.147707,-1.840692,-1.304575,0.182111,True
2025-09-21,3.262850,5.065215,4.479922,0.822493,0.179294,0.235180,-1.802366,-1.217073,0.178974,True
2025-09-22,3.388846,5.176044,4.463665,0.971574,0.762152,3.591758,-1.787198,-1.074819,0.439604,True
2025-09-23,3.779122,5.149651,4.614450,0.928101,0.637903,1.430320,-1.370529,-0.835328,0.407344,True
2025-09-24,3.584298,5.133773,4.529177,0.929036,0.513692,1.553098,-1.549475,-0.944879,0.356056,True
2025-09-25,3.891880,5.194970,4.524154,1.184812,0.518759,3.648040,-1.303091,-0.632274,0.304513,True
2025-09-26,3.660007,5.204586,4.654934,1.250792,0.472451,2.324768,-1.544579,-0.994927,0.274164,True
2025-09-27,3.634018,5.150429,4.640431,1.088877,0.350294,0.297333,-1.516412,-1.006413,0.243400,True
2025-09-28,3.523122,5.123105,4.493990,0.994637,0.311575,0.769038,-1.599983,-0.970868,0.238534,True
2025-09-29,3.628033,5.123924,4.504850,0.975096,0.353583,1.385429,-1.495891,-0.876817,0.266116,True
2025-09-30,3.672033,5.128156,4.531716,0.998294,0.343871,1.634956,-1.456123,-0.859683,0.256206,True
2025-10-01,3.775053,5.135850,4.516024,1.057291,0.295491,1.830497,-1.360797,-0.740970,0.218432,True
2025-10-02,3.830170,5.150007,4.517430,1.133631,0.265303,1.997114,-1.319837,-0.687260,0.189646,True
2025-10-03,3.962413,5.200881,4.544867,1.313439,0.329460,3.050292,-1.238468,-0.582454,0.200536,True
2025-10-04,3.962413,5.162558,4.622494,1.171758,0.292516,0.601613,-1.200145,-0.660080,0.199769,True
2025-10-05,3.945760,5.225231,4.523285,1.236530,0.657786,2.942329,-1.279470,-0.577524,0.347242,True
2025-10-06,4.222870,5.228855,4.641508,1.341121,0.494741,2.599811,-1.005985,-0.418638,0.269487,True
2025-10-07,4.227174,5.247932,4.657725,1.507526,0.338044,2.964647,-1.020759,-0.430551,0.183165,True
2025-10-08,4.261681,5.264361,4.694987,1.635561,0.230977,2.727572,-1.002679,-0.433306,0.123746,True
2025-10-09,4.324583,5.299576,4.695009,1.699823,0.385328,2.821585,-0.974993,-0.370426,0.184796,True
2025-10-10,5.330663,6.786231,4.729589,5.713958,4.525070,42.933877,-1.455567,0.601074,0.441943,True
2025-10-11,5.835130,6.542157,6.974921,5.425849,3.168043,6.758236,-0.707027,-1.139791,0.368639,True
2025-10-12,5.857911,6.517101,5.856976,5.227485,3.336978,8.798335,-0.659190,0.000935,0.389631,True
2025-10-13,5.155683,6.309393,6.078040,4.877377,2.373757,5.021941,-1.153710,-0.922356,0.327364,True
2025-10-14,5.550411,6.242242,6.022078,4.885714,1.840419,7.074410,-0.691830,-0.471666,0.273622,True
2025-10-15,5.609760,6.161573,6.177687,4.753917,1.458706,5.595356,-0.551813,-0.567927,0.234797,True
2025-10-16,6.254598,6.263246,5.675142,4.641959,2.447633,8.277147,-0.008648,0.579456,0.345243,True
2025-10-17,6.849315,6.242522,5.844594,4.813066,1.975252,8.344047,0.606793,1.004721,0.290978,True
2025-10-18,6.599579,6.033740,5.881960,4.190018,1.502199,1.532162,0.565839,0.717619,0.263904,True
2025-10-19,6.228445,5.944552,5.598732,3.750439,1.616827,3.200701,0.283893,0.629713,0.301238,True
2025-10-20,5.784664,5.875074,5.629878,3.463872,1.604098,3.808646,-0.090409,0.154787,0.316517,True
2025-10-21,6.650775,6.013229,5.653635,3.682896,2.270061,8.996028,0.637546,0.997140,0.381333,True
2025-10-22,7.042438,6.036093,5.905186,3.670650,2.468836,7.284538,1.006346,1.137253,0.402124,True
2025-10-23,5.580046,5.909999,5.882757,3.357430,2.067957,3.828608,-0.329953,-0.302711,0.381163,True
2025-10-24,5.028125,5.815228,5.813295,2.934843,2.108474,3.131561,-0.787103,-0.785170,0.418073,True
2025-10-25,5.042219,5.647569,5.798709,2.554930,1.508690,0.622725,-0.605350,-0.756490,0.371268,True
2025-10-26,5.282433,5.632942,5.650841,2.249328,1.953934,3.382610,-0.350509,-0.368408,0.464861,True
2025-10-27,5.023431,5.517392,5.695085,2.046122,1.433497,2.244688,-0.493961,-0.671654,0.411970,True
2025-10-28,4.923047,5.491945,5.584476,1.989957,1.339720,3.433762,-0.568898,-0.661430,0.402357,True
2025-10-29,5.565219,5.603830,5.626851,2.025622,2.137851,6.038225,-0.038611,-0.061632,0.513478,True
2025-10-30,5.511021,5.626820,5.779946,2.363773,1.697700,6.652452,-0.115800,-0.268925,0.418001,True
2025-10-31,5.139058,5.646262,5.913997,2.355555,1.862715,5.102817,-0.507205,-0.774939,0.441583,True
2025-11-01,5.181863,5.510263,5.904000,2.050629,1.370260,0.861985,-0.328400,-0.722136,0.400557,True
2025-11-02,5.333081,5.409581,5.374567,1.810387,1.032168,1.355182,-0.076500,-0.041487,0.363113,True
2025-11-03,5.729405,5.514749,5.316819,2.345736,0.865938,7.026804,0.214656,0.412586,0.269622,True
2025-11-04,6.257217,5.859449,5.506283,3.560123,1.307769,13.992376,0.397767,0.750934,0.268652,True
2025-11-05,5.936719,5.932255,5.916609,3.874561,1.295276,7.821686,0.004464,0.020110,0.250545,True
2025-11-06,6.036613,5.975157,5.749839,4.008766,1.381200,6.956077,0.061456,0.286773,0.256254,True
2025-11-07,5.452198,5.996058,5.812221,4.314340,0.984418,7.408150,-0.543860,-0.360024,0.185783,True
2025-11-08,5.518396,5.874480,5.899182,3.939758,0.730438,2.228441,-0.356084,-0.380786,0.156404,True
2025-11-09,5.575102,5.819864,5.607546,3.703977,0.739633,3.179680,-0.244762,-0.032444,0.166449,True
2025-11-10,5.376685,5.799052,5.512577,3.618380,0.735372,4.085709,-0.422367,-0.135892,0.168905,True
2025-11-11,5.952033,5.779129,5.502070,3.638635,0.544670,4.375968,0.172904,0.449963,0.130201,True
2025-11-12,5.814918,5.772110,5.483073,3.703442,0.372159,4.511428,0.042808,0.331844,0.091314,True
2025-11-13,5.929070,5.971187,5.410531,4.534709,0.390079,10.696688,-0.042117,0.518539,0.079207,True
2025-11-14,6.770093,6.296372,5.760628,5.976232,0.266531,15.937043,0.473722,1.009466,0.042694,True
2025-11-15,6.444521,6.243501,6.210911,5.530824,0.672016,3.862654,0.201020,0.233610,0.108340,True
2025-11-16,6.751040,6.262234,5.805618,5.351073,1.144825,6.204058,0.488806,0.945422,0.176238,True
2025-11-17,7.020231,6.355409,5.957607,5.588385,1.430341,9.481436,0.664822,1.062625,0.203789,True
2025-11-18,6.992522,6.429081,6.186943,5.887730,1.452090,9.987883,0.563441,0.805579,0.197837,True
2025-11-19,7.137210,6.425085,6.262492,5.947624,1.311880,8.089862,0.712125,0.874718,0.180712,True
2025-11-20,8.182527,6.537174,6.136193,6.399824,1.350898,11.399656,1.645353,2.046335,0.174293,True
2025-11-21,9.020450,7.174220,6.393790,8.466736,2.491454,26.955820,1.846230,2.626660,0.227360,True
2025-11-22,9.588782,6.925148,7.369608,7.739309,1.898152,5.007369,2.663635,2.219175,0.196956,True
2025-11-23,8.745890,6.740211,6.567158,7.110911,1.618849,4.934256,2.005679,2.178733,0.185440,True
2025-11-24,7.786181,6.705123,6.534111,6.909598,1.715762,8.086859,1.081059,1.252070,0.198921,True
2025-11-25,7.568640,6.562878,6.699642,6.422107,1.508526,5.101863,1.005762,0.868998,0.190215,True
2025-11-26,6.827415,6.433609,6.499304,6.045846,1.198270,4.937809,0.393806,0.328111,0.165413,True
2025-11-27,6.661578,6.271619,6.126316,5.443356,1.048701,2.747838,0.389960,0.535263,0.161536,True
2025-11-28,6.497781,6.183184,5.978241,4.987263,1.199301,3.764954,0.314597,0.519540,0.193856,True
2025-11-29,6.613033,6.004347,5.969469,4.353958,0.976025,1.280391,0.608685,0.643563,0.183120,True
2025-11-30,6.519146,5.872349,5.742675,3.808500,0.953705,1.477565,0.646797,0.776471,0.200265,True
2025-12-01,7.733690,6.036919,5.695333,4.447471,1.056563,10.342668,1.696771,2.038357,0.191962,True
2025-12-02,6.642678,6.103309,6.128830,4.448525,1.566870,7.152514,0.539370,0.513849,0.260477,True
2025-12-03,6.165900,6.149805,6.105310,4.658879,1.541461,8.244701,0.016096,0.060590,0.248609,True
2025-12-04,6.320222,6.112333,6.234757,4.551111,1.449157,5.805021,0.207888,0.085465,0.241515,True
2025-12-05,6.561982,6.065866,6.222714,4.540932,1.109222,5.740913,0.496117,0.339268,0.196317,True
2025-12-06,6.578082,5.927134,6.233045,3.990369,1.044268,1.715073,0.650949,0.345037,0.207417,True
2025-12-07,6.753760,5.910354,5.859475,4.058766,0.789893,5.410766,0.843407,0.894285,0.162910,True
2025-12-08,6.580767,5.922656,5.975315,4.153576,0.711668,5.732815,0.658111,0.605452,0.146276,True
2025-12-09,5.908695,5.987126,5.949210,4.307167,0.928604,6.860258,-0.078432,-0.040515,0.177358,True
2025-12-10,5.528237,6.095950,5.978282,4.516181,1.386540,8.314134,-0.567713,-0.450045,0.234898,True
2025-12-11,5.415593,6.120012,6.046562,4.652456,1.323327,7.395015,-0.704419,-0.630969,0.221448,True
2025-12-12,5.357283,6.062202,6.083741,4.506863,1.143169,4.990514,-0.704919,-0.726458,0.202330,True
2025-12-13,5.461979,5.891144,5.940814,3.923452,0.888791,0.655367,-0.429164,-0.478834,0.184694,True
2025-12-14,5.985281,5.816107,5.497675,3.662932,0.785604,2.935008,0.169174,0.487607,0.176598,True
2025-12-15,5.969924,5.889192,5.505340,3.957265,0.811982,7.116692,0.080732,0.464585,0.170254,True
2025-12-16,5.719387,5.929661,5.650304,4.173191,0.729892,6.589348,-0.210274,0.069083,0.148864,True
2025-12-17,6.052055,6.093241,5.608812,4.525648,1.348352,9.380583,-0.041187,0.443242,0.229546,True
2025-12-18,6.176302,6.204164,5.798188,4.830664,1.647163,9.499843,-0.027862,0.378115,0.254277,True
2025-12-19,5.562750,6.233493,5.957905,5.201333,1.196528,8.985656,-0.670744,-0.395156,0.187020,True
2025-12-20,5.575102,6.045242,6.074247,4.528023,0.973670,0.733798,-0.470140,-0.499145,0.176976,True
2025-12-21,5.565219,5.921234,5.684822,4.000408,0.980414,1.854049,-0.356015,-0.119604,0.196838,True
2025-12-22,5.570159,5.956116,5.665761,3.932988,1.372678,5.792166,-0.385957,-0.095602,0.258719,True
2025-12-23,5.160438,5.910733,5.789812,3.796788,1.271253,4.597902,-0.750295,-0.629374,0.250837,True
2025-12-24,5.021085,5.828309,5.634983,3.429903,1.305311,2.851940,-0.807224,-0.613898,0.275660,True
2025-12-25,4.960281,5.701250,5.457974,2.985904,1.135816,1.432742,-0.740969,-0.497693,0.275568,True
2025-12-26,4.614470,5.679898,5.359535,2.947061,1.042009,4.083511,-1.065428,-0.745065,0.261216,True
2025-12-27,4.793833,5.562846,5.463416,2.565566,0.835580,0.439995,-0.769014,-0.669583,0.245676,True
2025-12-28,4.858225,5.461323,5.223656,2.233455,0.658773,0.548255,-0.603098,-0.365431,0.227774,True
2025-12-29,4.890582,5.493345,5.164098,2.349758,0.693445,4.150760,-0.602762,-0.273516,0.227867,True
2025-12-30,5.016395,5.482916,5.292048,2.251683,0.792086,2.809871,-0.466521,-0.275653,0.260232,True
2025-12-31,5.068110,5.429538,5.239135,2.043661,0.760138,1.697641,-0.361428,-0.171025,0.271110,True
2026-01-01,4.883639,5.350528,5.125116,1.779111,0.633655,0.683903,-0.466888,-0.241476,0.262626,True
2026-01-02,5.167575,5.412893,5.027293,2.016628,0.681082,4.626853,-0.245318,0.140282,0.252467,True
2026-01-03,5.400986,5.342763,5.189981,1.783816,0.565150,0.916749,0.058224,0.211005,0.240595,True
2026-01-04,5.398554,5.315091,4.986427,1.649039,0.597782,1.623479,0.083462,0.412127,0.266057,True
2026-01-05,5.289654,5.365352,5.003281,1.806413,0.698175,3.950403,-0.075698,0.286373,0.278758,True
2026-01-06,5.325830,5.415530,5.120428,2.025932,0.684433,4.464001,-0.089699,0.205403,0.252524,True
2026-01-07,5.459533,5.435039,5.164121,2.112021,0.677743,3.649679,0.024494,0.295412,0.242939,True
2026-01-08,5.122459,5.459423,5.098062,2.177713,0.745910,3.743658,-0.336964,0.024397,0.255132,True
2026-01-09,4.498275,5.500402,5.088984,2.298707,0.841130,4.396826,-1.002127,-0.590708,0.267890,True
2026-01-10,4.612222,5.401086,5.102801,2.001141,0.618265,0.241606,-0.788864,-0.490579,0.236033,True
2026-01-11,4.759513,5.334419,4.837138,1.747522,0.567057,0.802395,-0.574906,-0.077624,0.244994,True
2026-01-12,4.666337,5.369038,4.808780,1.941724,0.479507,3.850349,-0.702702,-0.142443,0.198043,True
2026-01-13,4.761798,5.524292,4.932042,2.218122,1.172616,6.379602,-0.762494,-0.170244,0.345829,True
2026-01-14,4.562893,5.529566,5.057314,2.360974,0.952433,4.476319,-0.966673,-0.494421,0.287448,True
2026-01-15,4.518280,5.541360,4.992859,2.426325,0.924086,4.155423,-1.023080,-0.474579,0.275813,True
2026-01-16,4.012583,5.490688,5.044634,2.263788,0.829948,2.266201,-1.478105,-1.032051,0.268267,True
2026-01-17,4.184237,5.401786,5.007128,1.970742,0.679185,0.431236,-1.217549,-0.822892,0.256303,True
2026-01-18,4.434118,5.335054,4.868315,1.771042,0.529002,1.043895,-0.900936,-0.434198,0.229996,True
2026-01-19,4.318055,5.375196,4.824473,1.954205,0.504228,3.881156,-1.057142,-0.506419,0.205101,True
2026-01-20,4.885953,5.610604,4.941866,2.100923,2.052603,7.424585,-0.724651,-0.055913,0.494183,True
2026-01-21,4.414300,5.693347,5.133246,2.630325,1.724207,8.345031,-1.279046,-0.718945,0.395957,True
2026-01-22,4.141519,5.648559,5.292382,2.499477,1.617597,3.824893,-1.507040,-1.150863,0.392900,True
2026-01-23,3.968667,5.613400,5.202387,2.489308,1.364901,4.133059,-1.644733,-1.233720,0.354133,True
2026-01-24,4.012583,5.485469,5.283417,2.167068,0.966311,0.394993,-1.472886,-1.270833,0.308393,True
2026-01-25,4.641495,5.493648,5.074232,2.160780,1.040903,3.668472,-0.852153,-0.432738,0.325111,True
2026-01-26,4.113870,5.532026,5.159926,2.311964,1.060917,4.857275,-1.418156,-1.046056,0.314543,True
2026-01-27,3.997918,5.512027,5.182772,2.368648,0.803091,3.657517,-1.514109,-1.184855,0.253202,True
2026-01-28,3.956164,5.534052,5.137405,2.541464,0.657426,4.506447,-1.577887,-1.181240,0.205517,True
2026-01-29,4.729870,5.645579,5.171404,2.745362,1.145561,6.193451,-0.915709,-0.441534,0.294419,True
2026-01-30,4.482747,5.931522,5.326671,3.983214,1.091196,13.811535,-1.448776,-0.843925,0.215039,True
2026-01-31,6.202346,6.429762,5.805383,6.277474,0.745587,22.452013,-0.227416,0.396964,0.106163,True
2026-02-01,6.383542,6.585314,6.486091,6.931096,0.752101,12.403349,-0.201771,-0.102549,0.097889,True
2026-02-02,5.870587,7.138214,6.366727,8.048817,2.976862,21.836349,-1.267628,-0.496140,0.269994,True
2026-02-03,7.334322,7.273399,7.096836,8.483108,3.226781,16.225711,0.060923,0.237487,0.275560,True
2026-02-04,7.832989,7.532609,7.146425,9.284310,3.763570,20.520698,0.300380,0.686563,0.288443,True
2026-02-05,18.701546,8.758025,7.503282,13.249739,5.976639,50.447934,9.943522,11.198265,0.310856,True
2026-02-06,9.488555,9.343483,9.284835,16.738922,4.121770,44.376464,0.145072,0.203720,0.197585,True
2026-02-07,9.650473,9.126661,9.849506,16.134853,3.552025,16.608454,0.523812,-0.199033,0.180426,True
2026-02-08,8.992176,8.758570,8.966375,14.857487,3.044732,10.138041,0.233606,0.025800,0.170076,True
2026-02-09,8.125730,8.614168,8.752470,13.938288,3.609251,13.410600,-0.488438,-0.626740,0.205684,True
2026-02-10,8.239522,8.327145,8.878265,12.965897,3.170499,10.539087,-0.087623,-0.638742,0.196481,True
2026-02-11,8.375299,8.240860,8.316717,12.429611,3.484136,14.069653,0.134438,0.058582,0.218939,True
2026-02-12,8.372270,8.041453,8.097512,11.628021,3.409467,11.022752,0.330817,0.274758,0.226731,True
2026-02-13,7.419621,7.759072,7.944635,11.026300,2.329603,9.309313,-0.339451,-0.525014,0.174425,True
2026-02-14,6.819211,7.413273,7.923718,9.777148,1.942788,3.788822,-0.594062,-1.104507,0.165768,True
2026-02-15,7.204489,7.220403,7.607840,8.911637,2.035296,6.073009,-0.015915,-0.403351,0.185924,True
2026-02-16,7.462455,7.078139,7.676326,8.119283,2.384652,6.504690,0.384317,-0.213871,0.227025,True
2026-02-17,7.411069,6.986380,7.616682,7.640304,2.551406,8.203684,0.424688,-0.205613,0.250341,True
2026-02-18,7.891696,6.867900,7.666540,7.047414,2.720011,7.086459,1.023795,0.225155,0.278478,True
2026-02-19,7.597467,6.689080,7.629587,6.565172,2.220985,6.027837,0.908387,-0.032120,0.252782,True
2026-02-20,7.246698,6.741966,7.636364,6.322304,3.072562,9.841250,0.504733,-0.389665,0.327047,True
2026-02-21,7.322986,6.467961,7.846686,5.503885,2.453066,1.737692,0.855025,-0.523700,0.308292,True
2026-02-22,7.408219,6.217227,7.404395,4.791410,1.819632,1.407709,1.190993,0.003824,0.275241,True
2026-02-23,8.622493,6.286228,7.120290,5.090906,1.805073,9.661395,2.336265,1.502203,0.261757,True
2026-02-24,9.143487,6.374714,7.409454,5.428208,1.871806,10.422231,2.768774,1.734034,0.256411,True
2026-02-25,7.868187,6.516237,7.392974,5.914313,2.076006,12.325358,1.351950,0.475213,0.259815,True
2026-02-26,7.462455,6.537828,7.455833,5.844048,2.370913,9.016209,0.924627,0.006622,0.288609,True
2026-02-27,7.565760,6.520834,7.338542,5.540040,2.794983,7.861998,1.044926,0.227219,0.335330,True
2026-02-28,8.351080,6.586947,7.011721,5.840707,2.756003,11.750484,1.764133,1.339359,0.320588,True
2026-03-01,8.308781,6.739150,6.885522,5.766881,4.065162,12.253837,1.569631,1.423258,0.413461,True
2026-03-02,7.806642,6.738486,6.888479,6.203194,3.263236,13.050106,1.068156,0.918163,0.344717,True
2026-03-03,8.411693,6.793269,6.950380,6.407354,3.313079,12.542337,1.618424,1.461313,0.340837,True
2026-03-04,8.439041,6.861571,6.971769,6.857566,3.017878,13.911705,1.577470,1.467272,0.305594,True
2026-03-05,8.200504,6.804738,7.126818,6.681008,2.901815,9.518575,1.395766,1.073686,0.302814,True
2026-03-06,8.445124,6.708354,6.909090,6.317530,2.821946,7.817430,1.736770,1.536035,0.308765,True
2026-03-07,9.417745,6.439318,6.765394,5.499729,2.239659,2.321602,2.978426,2.652351,0.289384,True
2026-03-08,10.011514,6.368817,6.377788,5.248868,2.153827,6.549548,3.642696,3.633725,0.290952,True
2026-03-09,8.436000,6.441097,6.466587,5.419977,2.399024,10.209976,1.994903,1.969413,0.306820,True
2026-03-10,8.299730,6.509569,6.578201,5.635580,2.533591,10.815272,1.790161,1.721530,0.310141,True
2026-03-11,7.968342,6.493854,6.653350,5.415138,2.814919,8.197015,1.474488,1.314992,0.342029,True
2026-03-12,8.066158,6.381431,6.569624,5.123859,2.479447,6.388156,1.684726,1.496534,0.326101,True
2026-03-13,7.690083,6.373280,6.555528,5.154237,2.361073,8.611554,1.316804,1.134555,0.314168,True
2026-03-14,7.771582,6.155071,6.680381,4.487024,1.895939,1.658126,1.616512,1.091201,0.297031,True
2026-03-15,7.663978,6.030565,6.261480,4.087547,1.664834,3.559903,1.633414,1.402498,0.289417,True
2026-03-16,7.640811,6.078300,6.246795,4.353319,1.547783,8.237086,1.562511,1.394017,0.262287,True
2026-03-17,7.243881,6.104459,6.465356,4.340795,1.772482,6.985184,1.139422,0.778524,0.289940,True
2026-03-18,7.921131,6.064183,6.407398,4.139149,1.829985,5.440762,1.856948,1.513733,0.306575,True
2026-03-19,8.069131,6.060999,6.270054,4.183521,1.724381,6.840233,2.008132,1.799077,0.291877,True
2026-03-20,8.119763,6.060724,6.337335,4.067607,1.933943,6.232720,2.059040,1.782428,0.322241,True
2026-03-21,8.354105,5.872220,6.327433,3.579334,1.371218,1.733510,2.481885,2.026672,0.276983,True
2026-03-22,8.820350,5.885357,6.036395,3.328036,1.931504,4.899706,2.934993,2.783955,0.367238,True
2026-03-23,7.850578,6.134129,6.056392,4.395537,1.901439,14.253898,1.716449,1.794185,0.301961,True
2026-03-24,7.603239,6.096606,6.505942,4.333773,1.724722,6.212219,1.506633,1.097298,0.284678,True
2026-03-25,7.137210,6.049459,6.165707,4.057312,1.865833,4.983225,1.087751,0.971503,0.315007,True
2026-03-26,7.562881,6.037836,6.041665,3.732450,2.369427,5.381018,1.525045,1.521216,0.388311,True
2026-03-27,7.903463,5.986581,6.028320,3.570546,2.269632,5.621567,1.916882,1.875143,0.388624,True
2026-03-28,7.912295,5.832245,6.011851,3.108341,1.922926,2.006958,2.080050,1.900444,0.382195,True
2026-03-29,8.155599,5.773874,5.678340,2.761353,2.106239,3.593779,2.381725,2.477259,0.432707,True
2026-03-30,8.378329,5.793278,5.708897,2.793476,2.197291,6.220738,2.585050,2.669432,0.440271,True
2026-03-31,7.479623,5.852386,5.811158,3.072016,2.144664,7.950234,1.627237,1.668466,0.411117,True
2026-04-01,7.263617,5.786745,5.883594,3.073994,1.634592,4.948172,1.476872,1.380023,0.347151,True
2026-04-02,7.084171,5.790569,5.721860,3.153448,1.518995,5.744561,1.293602,1.362311,0.325097,True
2026-04-03,6.158104,5.660894,5.776321,2.806536,1.152014,1.778192,0.497210,0.381783,0.291019,True
2026-04-04,6.147718,5.543918,5.577976,2.443232,0.912943,0.600092,0.603800,0.569742,0.272019,True
2026-04-05,6.189318,5.500724,5.394471,2.222198,0.983338,2.199936,0.688593,0.794847,0.306762,True
2026-04-06,6.575398,5.552847,5.378077,2.265039,1.307261,4.710149,1.022550,1.197320,0.365944,True
2026-04-07,6.147718,5.681354,5.469995,2.561658,1.757080,7.468833,0.466363,0.677722,0.406850,True
2026-04-08,5.388829,5.645473,5.579248,2.612184,1.387958,4.590539,-0.256644,-0.190419,0.346977,True
2026-04-09,5.430220,5.674844,5.497697,2.733843,1.392399,5.538265,-0.244624,-0.067477,0.337450,True
2026-04-10,5.098793,5.650105,5.595290,2.591672,1.461158,3.778485,-0.551311,-0.496497,0.360528,True
2026-04-11,5.452198,5.546372,5.529620,2.264062,1.259082,1.668629,-0.094174,-0.077423,0.357375,True
2026-04-12,5.654479,5.549844,5.378475,2.152182,1.490195,3.732402,0.104635,0.276005,0.409127,True
2026-04-13,5.306521,5.591072,5.416892,2.339003,1.467113,5.662853,-0.284551,-0.110371,0.385462,True
2026-04-14,5.328247,5.603890,5.502956,2.436077,1.388736,4.994265,-0.275644,-0.174709,0.363086,True
2026-04-15,5.284839,5.605335,5.392258,2.422766,1.424190,4.393109,-0.320496,-0.107419,0.370212,True
2026-04-16,4.909120,5.615899,5.364053,2.519917,1.328282,4.976541,-0.706779,-0.454933,0.345170,True
2026-04-17,5.025778,5.674806,5.427057,2.804050,1.263894,6.455276,-0.649029,-0.401279,0.310696,True
2026-04-18,5.328247,5.583841,5.522159,2.527045,1.067913,2.005362,-0.255594,-0.193913,0.297059,True
2026-04-19,5.169955,5.581746,5.292015,2.477039,1.143074,3.836694,-0.411791,-0.122060,0.315756,True
2026-04-20,4.839783,5.613447,5.354850,2.649443,1.072816,5.271903,-0.773664,-0.515067,0.288216,True
2026-04-21,4.862841,5.623412,5.429612,2.768937,0.931481,4.769428,-0.760571,-0.566771,0.251723,True
2026-04-22,5.108253,5.623983,5.397203,2.855488,0.777826,4.404442,-0.515730,-0.288950,0.214082,True
2026-04-23,5.025778,5.638884,5.327001,2.985428,0.655498,4.680648,-0.613107,-0.301223,0.180036,True
2026-04-24,4.418700,5.607186,5.369041,2.838003,0.680158,2.837365,-1.188486,-0.950341,0.193328,True
2026-04-25,4.553953,5.500812,5.268142,2.470625,0.530329,0.496998,-0.946859,-0.714189,0.176720,True
2026-04-26,4.458399,5.481917,5.115194,2.252882,0.782194,2.132235,-1.023519,-0.656795,0.257718,True
2026-04-27,4.520505,5.503296,5.149416,2.152057,1.131273,3.403461,-0.982791,-0.628911,0.344551,True
2026-04-28,4.511607,5.434067,5.189866,1.980487,0.910454,1.921001,-0.922461,-0.678260,0.314934,True
2026-04-29,4.300670,5.449376,5.079166,1.976940,1.035046,3.540419,-1.148706,-0.778496,0.343642,True
2026-04-30,4.141519,5.428259,5.108855,1.844447,1.114079,2.611634,-1.286740,-0.967336,0.376565,True
2026-05-01,4.065179,5.413169,5.087802,1.722430,1.220485,2.736569,-1.347990,-1.022623,0.414720,True
2026-05-02,4.233633,5.359547,5.075454,1.499463,1.213946,1.122299,-1.125914,-0.841821,0.447388,True
2026-05-03,4.177815,5.282461,4.967719,1.311373,0.962674,1.187298,-1.104646,-0.789904,0.423331,True
2026-05-04,4.605479,5.383606,4.956105,1.766676,0.911583,6.079633,-0.778127,-0.350626,0.340364,True
2026-05-05,4.445146,5.368254,5.175493,1.759592,0.806070,2.763046,-0.923108,-0.730347,0.314176,True
2026-05-06,4.255200,5.352684,5.039849,1.798151,0.615523,2.759582,-1.097484,-0.784649,0.255015,True
2026-05-07,4.135130,5.342106,5.020499,1.784919,0.558067,2.437894,-1.206976,-0.885369,0.238186,True
2026-05-08,3.885687,5.347076,5.009743,1.697079,0.756830,2.365398,-1.461389,-1.124056,0.308418,True
2026-05-09,4.084198,5.279242,4.999889,1.477393,0.634648,0.611855,-1.195045,-0.915692,0.300490,True
2026-05-10,4.107502,5.269549,4.817856,1.444381,0.620148,2.091959,-1.162047,-0.710353,0.300382,True
2026-05-11,4.025175,5.290008,4.859933,1.478805,0.715134,2.815159,-1.264833,-0.834758,0.325959,True
2026-05-12,4.071514,5.270853,4.876214,1.421049,0.672818,1.951787,-1.199339,-0.804701,0.321328,True
2026-05-13,4.346381,5.255108,4.811599,1.351462,0.678413,1.854381,-0.908727,-0.465219,0.334214,True
2026-05-14,4.171398,5.276080,4.776130,1.461419,0.639424,3.075530,-1.104682,-0.604731,0.304365,True
2026-05-15,4.177815,5.291610,4.838111,1.552146,0.593557,2.965351,-1.113795,-0.660296,0.276626,True
2026-05-16,4.429710,5.250128,4.830823,1.419891,0.515028,1.191902,-0.820418,-0.401113,0.266175,True
2026-05-17,4.436322,5.246967,4.735148,1.495858,0.351906,2.358643,-0.810645,-0.298826,0.190449,True
2026-05-18,4.368233,5.332666,4.796247,1.760415,0.529983,4.456774,-0.964433,-0.428014,0.231393,True
2026-05-19,4.331117,5.332862,4.921669,1.709083,0.625241,2.341007,-1.001745,-0.590553,0.267847,True
2026-05-20,4.054633,5.351891,4.831138,1.631049,0.914568,2.672625,-1.297258,-0.776506,0.359272,True
2026-05-21,3.674039,5.354831,4.845102,1.580609,1.029370,2.811705,-1.680792,-1.171063,0.394398,True
2026-05-22,3.768954,5.363052,4.864649,1.431763,1.364623,2.679790,-1.594098,-1.095695,0.487995,True
2026-05-23,3.690110,5.388639,4.864984,1.315080,1.775135,3.432572,-1.698530,-1.174874,0.574437,True
2026-05-24,3.556605,5.316547,4.883142,1.225519,1.382459,2.232434,-1.759942,-1.326537,0.530089,True
2026-05-25,3.249626,5.244526,4.850796,1.102753,1.050971,1.470383,-1.994900,-1.601169,0.487978,True
2026-05-26,3.523122,5.251907,4.811731,1.235181,0.866076,3.189732,-1.728785,-1.288608,0.412171,True
2026-05-27,3.789304,5.266721,4.849625,1.279829,0.898840,2.889606,-1.477417,-1.060321,0.412564,True
2026-05-28,3.805624,5.330277,4.843318,1.507932,0.972640,4.494010,-1.524652,-1.037694,0.392103,True
2026-05-29,3.548713,5.337324,4.926692,1.567679,0.917903,3.226173,-1.788611,-1.377979,0.369291,True
2026-05-30,3.410078,5.258581,4.903673,1.364744,0.680956,0.731160,-1.848503,-1.493595,0.332872,True
2026-05-31,3.630027,5.214475,4.795243,1.243349,0.562342,1.119121,-1.584447,-1.165216,0.311427,True
2026-06-01,3.805624,5.296746,4.785700,1.448482,0.822502,4.236646,-1.491122,-0.980076,0.362179,True
2026-06-02,5.131941,5.461275,4.927624,2.253164,0.622409,8.367872,-0.329334,0.204316,0.216447,True
2026-06-03,6.286055,5.718696,5.166741,3.096432,1.068574,10.696353,0.567359,1.119314,0.256560,True
2026-06-04,5.840189,6.173627,5.419815,4.935313,1.220438,19.178000,-0.333438,0.420373,0.198260,True
2026-06-05,6.615725,6.874084,6.099909,7.269612,2.361936,27.373365,-0.258359,0.515816,0.245229,True
2026-06-06,6.476450,6.822465,6.933498,7.210118,2.072317,9.495487,-0.346015,-0.457047,0.223251,True
2026-06-07,6.677800,6.962329,6.454202,7.059121,3.427206,12.160699,-0.284529,0.223597,0.326826,True
2026-06-08,5.706876,6.835948,6.689971,6.915231,2.714877,9.161501,-1.129073,-0.983095,0.281915,True
2026-06-09,5.857911,6.726223,6.627806,6.561621,2.514047,7.579031,-0.868312,-0.769895,0.277010,True
2026-06-10,6.041758,6.655849,6.449658,6.700314,1.717786,9.350808,-0.614091,-0.407900,0.204059,True
2026-06-11,5.129570,6.559531,6.334940,6.382640,1.554778,6.310686,-1.429962,-1.205371,0.195880,True
2026-06-12,4.487181,6.439701,6.222123,5.779193,1.732249,4.349174,-1.952521,-1.734942,0.230615,True
2026-06-13,4.553953,6.224773,6.066880,5.031079,1.440167,1.313105,-1.670820,-1.512927,0.222549,True
2026-06-14,4.456189,6.121555,5.849390,4.485811,1.639563,3.335142,-1.665367,-1.393202,0.267667,True
2026-06-15,4.107502,6.007375,5.861426,4.105882,1.452430,3.447509,-1.899873,-1.753924,0.261308,True
2026-06-16,3.887750,5.936727,5.798558,3.819507,1.430321,3.909605,-2.048977,-1.910808,0.272451,True
2026-06-17,4.283319,5.997870,5.804086,4.068347,1.447635,7.818464,-1.714550,-1.520766,0.262444,True
2026-06-18,4.941646,5.944553,6.022300,3.968000,1.219521,4.820802,-1.002907,-1.080654,0.235087,True
2026-06-19,4.502717,5.879533,5.983626,3.645491,1.306823,3.416761,-1.376816,-1.480910,0.263881,True
2026-06-20,4.350747,5.771893,5.927746,3.267895,1.165892,2.259523,-1.421146,-1.577000,0.262956,True
2026-06-21,4.777802,5.676576,5.864565,2.919183,1.067290,2.003362,-0.898774,-1.086764,0.267728,True
2026-06-22,4.473885,5.685823,5.842055,3.024231,0.946796,4.968414,-1.211938,-1.368170,0.238426,True
2026-06-23,4.732147,5.660295,5.938764,3.060312,0.683939,4.036406,-0.928148,-1.206618,0.182664,True
2026-06-24,5.577574,5.811460,5.895192,3.527887,0.996373,8.376265,-0.233886,-0.317618,0.220229,True
2026-06-25,5.939270,6.136140,6.107121,4.288276,2.112838,13.429963,-0.196870,-0.167851,0.330073,True
2026-06-26,5.671918,6.264853,6.448360,4.960218,1.878816,11.939850,-0.592935,-0.776442,0.274719,True
2026-06-27,5.589942,6.081099,6.464744,4.323969,1.622979,2.121840,-0.491157,-0.874802,0.272910,True
2026-06-28,6.223221,5.980478,5.874368,3.878831,1.659547,3.281199,0.242743,0.348853,0.299645,True
2026-06-29,4.983623,6.037880,5.849408,4.149705,1.607764,8.212809,-1.054257,-0.865785,0.279248,True
2026-06-30,5.435100,5.987281,5.979711,4.022531,1.449611,5.086403,-0.552181,-0.544611,0.264907,True
